--
-- PostgreSQL database dump
--

\restrict aC1sMwNZ3wmHBFdGzfiUaOv78Vly8mR7gJnoGaEmQQdJiQLx0G1HhcE192Zi8hY

-- Dumped from database version 17.6
-- Dumped by pg_dump version 17.6

SET statement_timeout = 0;
SET lock_timeout = 0;
SET idle_in_transaction_session_timeout = 0;
SET transaction_timeout = 0;
SET client_encoding = 'UTF8';
SET standard_conforming_strings = on;
SELECT pg_catalog.set_config('search_path', '', false);
SET check_function_bodies = false;
SET xmloption = content;
SET client_min_messages = warning;
SET row_security = off;

--
-- Data for Name: attributes; Type: TABLE DATA; Schema: public; Owner: postgres
--

COPY public.attributes (id, code, name, type) FROM stdin;
56d9f108-6422-4910-b68f-210e031aff43	ANDARIEL_MAIDEN_OF_ANGUISH	Andariel, Maiden of Anguish	BOSS_NAME
d1bb8eaa-e1a7-4aef-a593-ee89165188f9	ASHAVA_THE_PESTILENT	Ashava, the Pestilent	BOSS_NAME
e1176af9-9b1d-40e5-ae75-7ee294e4a27c	AVARICE_THE_GOLD_CURSED	Avarice, the Gold Cursed	BOSS_NAME
6f34af70-9a8d-429f-90ac-1b65fcb51e18	BELIAL_LORD_OF_LIES	Belial, Lord of Lies	BOSS_NAME
7d378342-2fde-4f3e-9cee-43af3c31f7ee	DURIEL_KING_OF_MAGGOTS	Duriel, King of Maggots	BOSS_NAME
02b23518-c190-4539-8145-1d72697ded81	ECHO_OF_LILITH	Echo of Lilith	BOSS_NAME
f72080df-6beb-4581-8409-533123c4d62a	ECHO_OF_VARSHAN	Echo of Varshan	BOSS_NAME
84067055-9070-40a7-8082-95d436e96500	GRIGOIRE_THE_GALVANIC_SAINT	Grigoire, The Galvanic Saint	BOSS_NAME
00bd265d-22df-4f61-9a04-25b6a1bb688b	HARBINGER_OF_HATRED	Harbinger of Hatred	BOSS_NAME
6d88afdc-0f17-48cc-8751-cf02bfd9ae2e	LORD_ZIR	Lord Zir	BOSS_NAME
03b756ab-e5bc-4a1f-ab91-94d11740ab68	THE_BEAST_IN_THE_ICE	The Beast in the Ice	BOSS_NAME
3bb26cfe-76cd-42d9-9d62-d0a732291945	URIVAR	Urivar	BOSS_NAME
b48c5c57-e061-4165-94d8-77b39a772a93	WANDERING_DEATH_DEATH_GIVEN_LIFE	Wandering Death, Death Given Life	BOSS_NAME
7af65381-c729-43e1-a25b-3d25c8978361	PINNACLE_BOSS	Pinnacle Boss	BOSS_TYPE
7ab33cc3-36ad-4af3-9820-9522346fa2f9	TORMENT_BOSS	Torment Boss	BOSS_TYPE
d204b91b-a42b-406a-ad1f-87088aec42c8	WORLD_BOSS	World Boss	BOSS_TYPE
023e3d06-47ff-4016-905b-54527a13d636	CURRENCY	Currency	BUSINESS_AREA
82b5417e-9d4f-48d2-978b-f6ecb451e17b	ITEMS	Items	BUSINESS_AREA
0e6e5602-8512-4f2c-bb4e-d53c718b68ab	SERVICE	Service	BUSINESS_AREA
0931ef6f-1848-4a90-8a72-1497bbd318a7	DIABLO_4	Diablo 4	GAME
4e678a11-0785-461b-9940-2282ab2e839a	POE_1	Path of Exile 1	GAME
10fb201e-50ff-42bd-9a09-2a42e139cec1	POE_2	Path of Exile 2	GAME
6ec3c2e0-e771-4d32-96b0-e4bbe19ff7d5	MMORPG	MMORPG	GAME_TYPE
5bbc16e2-2f16-4387-bb17-3fb3366631e8	ALL_STATS	All Stats	ITEM_STATS_SORT
fcd64fc1-9148-45c8-b567-b57976f2422b	ARMOR	Armor	ITEM_STATS_SORT
8ebe52b2-7abb-4f62-a6b6-63e1ea26ebca	ATK_SPD	Atk Spd	ITEM_STATS_SORT
3a434b78-1639-4390-8adb-a30854711072	ATK_SPD_WHILE_BERSERKING	Atk Spd while Berserking	ITEM_STATS_SORT
72e32d9a-5858-45fa-ada3-c4db5ec92ae6	COOLDOWN_RD	Cooldown RD	ITEM_STATS_SORT
46e90b54-20bb-4939-b306-e461fcb1465b	CORE_SKILLS	Core Skills	ITEM_STATS_SORT
327108e5-6c7b-49bd-9dbc-7eb83a909a89	CRIT_CHANCE	Crit Chance	ITEM_STATS_SORT
e011216d-6f2d-49f6-923f-e0a94d610f10	CRIT_DMG	Crit Dmg	ITEM_STATS_SORT
76edfabd-4f9b-4358-bfaf-c4560fbf6500	DMG	Dmg	ITEM_STATS_SORT
8d8ce133-4579-4bc7-b293-ee826b9ab07b	DMG_NEXT_ATK_AFT_STEALTH	Dmg Next Atk Aft Stealth	ITEM_STATS_SORT
3cfe1866-3370-4bdf-8b10-84660d35195b	DMG_RD	Dmg RD	ITEM_STATS_SORT
390c1600-2f97-48e1-8c17-7a5dee538b45	DMG_RD_WHILE_HEALTHY	Dmg RD while Healthy	ITEM_STATS_SORT
c10cb0f1-30b4-4dc4-9a5c-a3b189906ea7	DOT	DOT	ITEM_STATS_SORT
8708da74-4941-40ac-94ac-96dc69e513ca	LIFE_ON_HIT	Life On Hit	ITEM_STATS_SORT
388c5442-2ae1-4fef-9ce4-bc55405484ef	LUCKY_HIT_CHANCE	Lucky Hit Chance	ITEM_STATS_SORT
83d0fe6b-9c20-4bfb-bcee-4d632325728b	LUCKY_HIT_CHANCE_BERSERKING	Lucky Hit: Chance Berserking	ITEM_STATS_SORT
a385314f-43c7-4cad-8f07-2c45c819a970	LUCKY_HIT_CHANCE_TO_HEAL	Lucky Hit: Chance to Heal	ITEM_STATS_SORT
6b85e6b7-2e26-4be5-818c-c466d566ca95	LUCKY_HIT_PRIMARY_RESOURCE	Lucky Hit: Primary Resource	ITEM_STATS_SORT
19adffe8-7b31-4593-8a71-85ee1b9f802a	MAX_LIFE	Max Life	ITEM_STATS_SORT
b8e738ed-e795-4a54-be72-93c916732341	MAX_POISON_RES	Max Poison Res	ITEM_STATS_SORT
fc7a7084-3d33-4d00-b939-6127ccf337dc	MAX_RES_ALL	Max Res All	ITEM_STATS_SORT
359f4022-4346-4c9c-a980-14ccf294dd79	MAX_RESOURCE	Max Resource	ITEM_STATS_SORT
1a8aa996-f330-47ff-84ca-58ec1ee8fdb2	MOVE_SPD	Move Spd	ITEM_STATS_SORT
5277c7f0-e5e4-46df-9738-df18c23063c5	OVERPOWER_DMG	Overpower Dmg	ITEM_STATS_SORT
76a18e09-44cb-46fb-b3ac-a1b8807f2175	RES_ALL	Res All	ITEM_STATS_SORT
2604a23f-9d3f-4098-ada3-c10c4044cb8c	RESOURCE_GENERATION	Resource Generation	ITEM_STATS_SORT
8e9b4223-728c-4de5-b78c-ade7b2ba0dc2	LEVEL	Level	LEVELING_TYPE
a8e77847-00bd-44f6-ad63-529822f360b1	PARAGON	Paragon	LEVELING_TYPE
600c023a-4866-4cae-90a3-4cb11320143f	ABSTRUSE_SIGIL	Abstruse Sigil	MATS_NAME
c36b2fc9-23bf-4a8c-950d-8fe8391f80d2	ANGELBREATH	Angelbreath	MATS_NAME
d353d4ce-5512-436b-bcce-6723d042dd0a	BALEFUL_FRAGMENT	Baleful Fragment	MATS_NAME
944e4092-03f1-4478-bffd-91e62e83e6ed	BITEBERRY	Biteberry	MATS_NAME
01dfec69-57fd-43b4-8a88-07034748558f	BLIGHTSHADE	Blightshade	MATS_NAME
5d4218ca-44f6-45a4-a068-4ff1b07bdc25	COILING_WARD	Coiling Ward	MATS_NAME
18ca7a74-d411-44da-8a6b-5bc71824bae2	FORGOTTEN_SOUL	Forgotten Soul	MATS_NAME
4728a3b4-6157-4524-a493-973e371b9dff	GALLOWVINE	Gallowvine	MATS_NAME
01dd31ba-5fe9-403b-815e-8fbe9523416e	HOWLER_MOSS	Howler Moss	MATS_NAME
396ed81d-4114-485b-bee5-0ce04d41f444	IRON_CHUNK	Iron Chunk	MATS_NAME
5b6f56c7-d4ac-4a6e-9dee-74c88f02c083	LIFESBANE	Lifesbane	MATS_NAME
ca567211-21e7-4cea-9545-8c31db27fe3d	OBDUCITE	Obducite	MATS_NAME
05b335f0-18c9-4be5-81b7-df8f793733cd	RAWHIDE	Rawhide	MATS_NAME
aefa7d08-456f-4f42-9f12-b0d57f4257c6	REDDAMINE	Reddamine	MATS_NAME
7d97e3f5-b5fc-4ff0-8d6f-3ec89f295f74	RESPLENDENT_SPARK	Resplendent Spark	MATS_NAME
f5cd6298-6402-4565-bf51-0e3c1858ee2b	RUNESHARD	Runeshard	MATS_NAME
e4deb6d2-6051-437f-9f94-652aefa2ad1b	SCATTERED_PRISM	Scattered Prism	MATS_NAME
275acf05-8b1e-40a4-beeb-d9e9da07f799	SIGIL_POWDER	Sigil Powder	MATS_NAME
bcf96942-5fe4-4723-8eb9-fc4afbaa12aa	VEILED_CRYSTAL	Veiled Crystal	MATS_NAME
53ff8777-ec5c-474d-a99a-cd529df2ec3e	MATERIALS_CRAFT_GEAR	Materials craft Gear	MATS_TYPE
4ae604a0-e577-438c-ba66-566cd86d437d	MATERIALS_FOR_ALCHEMIST	Materials for Alchemist	MATS_TYPE
74e8c7f9-5f5a-450e-b8d1-14b5382c7c6c	MATERIALS_FOR_NIGHTMARE	Materials for Nightmare	MATS_TYPE
766e9eb8-7a1a-4d7e-8dbb-366514884ce8	MATERIALS_FOR_THE_PIT	Materials for The Pit	MATS_TYPE
a92d4122-337d-4bcd-a015-8660e0461d64	MATERIALS_MASTERWORKING	Materials Masterworking	MATS_TYPE
7d35cc5f-d6ca-492a-bc22-37997df53b3b	_1	+1	MW_LEVEL
1ceec1df-1710-48fa-92b9-2cfef74ffa85	_10	+10	MW_LEVEL
091ca87b-fb73-442c-83cf-5205a4d3bb85	_11	+11	MW_LEVEL
4270fca4-09fc-4826-8b9f-a7a4cd0b3dec	_12	+12	MW_LEVEL
31b1aeef-cc49-4dbc-907d-8ea9678361c1	_2	+2	MW_LEVEL
6f2799aa-0229-4659-b8ba-29be531f1641	_3	+3	MW_LEVEL
fc0a72f7-2996-4ec3-b4e3-d01b64b29616	_4	+4	MW_LEVEL
979455a3-d8f3-43b8-b1af-62e4835ad7ee	_5	+5	MW_LEVEL
a0e67be4-30f0-4842-9e94-8d7de40dbf93	_6	+6	MW_LEVEL
2d74bac1-2262-4e95-b819-f23657c61dc5	_7	+7	MW_LEVEL
df15e3f6-719e-437a-8082-69e1e21d4f71	_8	+8	MW_LEVEL
1ec84ce9-678c-40f2-b52d-f14a90992fdd	_9	+9	MW_LEVEL
58dee4d2-ff58-40d4-95c4-2bb9dc797451	BLUE_X1	Blue (x1)	MW_TYPE
56b08eb2-20d0-4834-9238-49996c43840f	ORANGE_X3	Orange (x3)	MW_TYPE
10e12878-2e72-4d37-9486-b8c90a0027dd	YELLOW_X2	Yellow (x2)	MW_TYPE
281d8fb7-36ee-41d5-89fe-3d79ef35cb91	1GA_RANDOM	1GA Random	MYTHIC_GA_TYPE
7f3cb6ff-462f-4d87-91d6-eee4dc9b2865	1GA_REQUEST	1GA Request	MYTHIC_GA_TYPE
f9c40d25-9002-48f3-9646-9241b3c8209c	2GA_RANDOM	2GA Random	MYTHIC_GA_TYPE
56d6712a-9646-44a2-9281-bc3687ff5b83	2GA_REQUEST	2GA Request	MYTHIC_GA_TYPE
5d768962-bd3c-4cb8-81eb-f089176f5cb7	3GA_RANDOM	3GA Random	MYTHIC_GA_TYPE
03b69a32-938d-4bf9-9dea-59fe844bb2b9	3GA_REQUEST	3GA Request	MYTHIC_GA_TYPE
b6ebcc5a-0f0e-4899-ba11-02874d83a62d	4GA	4GA	MYTHIC_GA_TYPE
5848b7e6-f891-4c19-8956-914098d894fe	AHAVARION_SPEAR_OF_LYCANDER	Ahavarion, Spear of Lycander	MYTHIC_NAME
88d12069-ec3e-4301-8198-226d85771d5f	ANDARIELS_VISAGE	Andariel's Visage	MYTHIC_NAME
4b4f0cb2-fb5d-481d-9215-eaa4d48180f8	DOOMBRINGER	Doombringer	MYTHIC_NAME
d83e4a5c-b11d-43de-b7f3-2eaee466e37f	HARLEQUIN_CREST	Harlequin Crest	MYTHIC_NAME
1a0a419c-341c-4ecc-abf7-29064bc4091d	HEIR_OF_PERDITION	Heir of Perdition	MYTHIC_NAME
e497091f-1ff3-4c6e-a4ab-fb53a74dd766	MELTED_HEART_OF_SELIG	Melted Heart of Selig	MYTHIC_NAME
dfcc8ff7-3a45-488d-bc49-71a9085564a4	NESEKEM_THE_HERALD	Nesekem, the Herald	MYTHIC_NAME
2d6f7b81-9801-4912-bea8-36213d5719ab	RING_OF_STARLESS_SKIES	Ring of Starless Skies	MYTHIC_NAME
d39b9b07-f15a-42f0-84d5-0d98d568dbe7	SHATTERED_VOW	Shattered Vow	MYTHIC_NAME
08c591b3-1dcb-40a3-95bf-e68bd808a270	SHROUD_OF_FALSE_DEATH	Shroud of False Death	MYTHIC_NAME
4d61837f-dfee-4047-a42d-3b1cb439cf86	THE_GRANDFATHER	The Grandfather	MYTHIC_NAME
b29a270f-6470-42a7-b38c-5a2916e1ec24	TYRAELS_MIGHT	Tyrael's Might	MYTHIC_NAME
e1ddeb0a-d863-485e-a34f-058e4dcc937d	BASIC	Basic	PACKAGE_TYPE
090ecbb9-30e1-43bf-bb15-c99cbc80f141	BUILD_SERVICE	Build Service	PACKAGE_TYPE
32b4f83d-7099-4a12-940f-dafbc289bf98	CUSTOM	Custom	PACKAGE_TYPE
660e078f-db99-4682-aac3-04fa252a2a9e	DRY_STEPPES	Dry Steppes	REGIONS_NAME
cc45d485-cd32-4030-89e9-eb33a25044fd	FRACTURED_PEAKS	Fractured Peaks	REGIONS_NAME
04fc2285-63df-4605-baea-02272c121399	HAWEZAR	Hawezar	REGIONS_NAME
7a908682-9e4f-4b37-a923-cbb23faebcaa	KEHJISTAN	Kehjistan	REGIONS_NAME
095038e6-e566-43fc-a4cb-9c06160c1611	NAHANTU	Nahantu	REGIONS_NAME
abe57c2a-98d5-42d3-b314-b4f90037c05c	SCOSGLEN	Scosglen	REGIONS_NAME
a9c41976-fd97-4968-90c7-90bcf8ea9f9d	ALTARS_OF_LILITH	Altars of Lilith	SERVICE_KIND
31cab463-dbb7-4a1b-8173-164527b15f9c	BOSS	Boss	SERVICE_KIND
f408c856-7ab3-402f-a86b-f38de379baec	GENERIC	Generic	SERVICE_KIND
1aae4234-22c4-4eba-8941-46f279edffd0	INFERNAL_HORDES	Infernal Hordes	SERVICE_KIND
625a52cc-b7a3-433d-a7ed-593f16f51101	LEVELING	Leveling	SERVICE_KIND
5aa37a94-5dc3-4f12-ba94-26488ee55bc7	MASTERWORKING	Masterworking	SERVICE_KIND
9f204167-3271-4da1-bf6e-c19467d1f030	MATERIALS	Materials	SERVICE_KIND
f908d193-0bd4-4be6-b0ee-b86727f8dcc1	MYTHIC	Mythic	SERVICE_KIND
0c26e4f6-a6d4-4d33-a6b6-9b64680d2b2a	NIGHTMARE	Nightmare	SERVICE_KIND
eca5ad39-ad71-4c62-ae2e-368fa3931367	RENOWN	Renown	SERVICE_KIND
61c705a9-6050-4679-a4c3-cca927716b95	THE_PIT	The pit	SERVICE_KIND
fe8cf9e7-3843-4c5f-a2ef-dfaa514e89b5	PILOT	Pilot	SERVICE_TYPE
526f5c1b-cd1b-43db-ba18-bf7aa52aa5e6	SELFPAY	Selfplay	SERVICE_TYPE
a3927a18-9bad-4b5b-a832-25e601fc8f9f	ALL	All	SPECIAL
bb9f281e-2f65-4b0e-8df5-b7243d3138a3	TIER_1	Tier 1	TIER_DIFFICULTY
b57b7c63-7692-4f11-b115-704565af966e	TIER_10	Tier 10	TIER_DIFFICULTY
e351c090-b6be-4e9b-a188-0db2ce7f103d	TIER_100	Tier 100	TIER_DIFFICULTY
9313394d-68cd-46be-9fe7-ae58b740b473	TIER_101	Tier 101	TIER_DIFFICULTY
caa11549-7993-4ee4-9600-dc2a8860141e	TIER_102	Tier 102	TIER_DIFFICULTY
f4682723-047b-4324-8b32-0bbe4e304b45	TIER_103	Tier 103	TIER_DIFFICULTY
5906d963-301a-445e-ba3c-be0b68cc3110	TIER_104	Tier 104	TIER_DIFFICULTY
d02e56dc-47fe-4b68-8823-9eead42a5940	TIER_105	Tier 105	TIER_DIFFICULTY
dfacf8b2-f798-4f88-b0db-fce99955e485	TIER_106	Tier 106	TIER_DIFFICULTY
6ab8af6a-168f-4da2-af95-74acd480db43	TIER_107	Tier 107	TIER_DIFFICULTY
af995a0f-59d5-4e14-8c5c-3158dae5f9c9	TIER_108	Tier 108	TIER_DIFFICULTY
35c3475a-00b6-4c10-b0dc-dc434e1413f1	TIER_109	Tier 109	TIER_DIFFICULTY
dfcc695c-4a44-41d3-ab0a-62d55bf9c954	TIER_11	Tier 11	TIER_DIFFICULTY
2df71355-58c0-4a4c-bda9-846b3e647f4d	TIER_110	Tier 110	TIER_DIFFICULTY
01d6c4b8-1aec-4b05-88a3-7195cbe63916	TIER_111	Tier 111	TIER_DIFFICULTY
26cff92d-8b18-4d22-8ec7-4d6364ed1253	TIER_112	Tier 112	TIER_DIFFICULTY
8dad3fbc-cc66-42de-801d-04f215f0382e	TIER_113	Tier 113	TIER_DIFFICULTY
d53b51a4-6629-46e0-8c03-91535eefce28	TIER_114	Tier 114	TIER_DIFFICULTY
53b53fdb-2556-468f-ad9b-49f0a494955c	TIER_115	Tier 115	TIER_DIFFICULTY
5b141d80-fc0f-498c-b4d7-ed40ea8c4753	TIER_116	Tier 116	TIER_DIFFICULTY
cbf095ad-9873-407a-b9de-ec2365ecc8b4	TIER_117	Tier 117	TIER_DIFFICULTY
af6def0a-0eea-4e6d-87d4-548113d60b77	TIER_118	Tier 118	TIER_DIFFICULTY
6262b036-dac0-40a5-85fb-f7ac5009e04e	TIER_119	Tier 119	TIER_DIFFICULTY
e9de4270-3a2a-4ba7-88d2-110a5ef2de7d	TIER_12	Tier 12	TIER_DIFFICULTY
2eb6eea7-3bdb-4edc-9774-5879ec444007	TIER_120	Tier 120	TIER_DIFFICULTY
48876a5a-56dd-4141-8935-6e64a422ce91	TIER_121	Tier 121	TIER_DIFFICULTY
0c4aaa66-d593-4b35-86df-16689b698114	TIER_122	Tier 122	TIER_DIFFICULTY
047ed7de-bf0d-46f5-a963-2560c227b2bd	TIER_123	Tier 123	TIER_DIFFICULTY
08114957-b5d1-4794-b884-f22cd5c315e9	TIER_124	Tier 124	TIER_DIFFICULTY
1b5600a9-a44d-419b-8819-e1084e3f7088	TIER_125	Tier 125	TIER_DIFFICULTY
bcb633b8-518b-4807-bc8d-e9faac42f75a	TIER_126	Tier 126	TIER_DIFFICULTY
9d0ea3bc-8317-49ca-9a49-55617b4c0a0b	TIER_127	Tier 127	TIER_DIFFICULTY
b2b4cf60-39aa-46f9-a767-6373494676be	TIER_128	Tier 128	TIER_DIFFICULTY
625a6f94-e6fe-4a3d-a31f-1eadead02be7	TIER_129	Tier 129	TIER_DIFFICULTY
9558baac-b345-45fa-b230-48d468f3f741	TIER_13	Tier 13	TIER_DIFFICULTY
4ebfc710-03c2-40cd-b1f5-2f34d34b8838	TIER_130	Tier 130	TIER_DIFFICULTY
18f4a625-0e7d-440d-9695-12eb68ba19ae	TIER_131	Tier 131	TIER_DIFFICULTY
79c9a59d-bab5-42e7-9480-a790e1e0af26	TIER_132	Tier 132	TIER_DIFFICULTY
a3fbf7da-3edc-45d4-b162-fc6fefe4562d	TIER_133	Tier 133	TIER_DIFFICULTY
e4900606-5ab5-4122-ba0a-4d31ec3a6e54	TIER_134	Tier 134	TIER_DIFFICULTY
2109d014-51a5-45fc-97e0-6446da4153db	TIER_135	Tier 135	TIER_DIFFICULTY
d5595987-a1a0-4250-94c9-f329ad01043d	TIER_136	Tier 136	TIER_DIFFICULTY
8e504f05-34f1-4170-ab4d-1afbe89adae3	TIER_137	Tier 137	TIER_DIFFICULTY
41d253f2-dad2-4904-84ce-9a3d108cab32	TIER_138	Tier 138	TIER_DIFFICULTY
3a80ee1e-11c3-455f-970f-7e7e74f098c0	TIER_139	Tier 139	TIER_DIFFICULTY
ae878ea5-2b62-4e45-967e-646411dcca19	TIER_14	Tier 14	TIER_DIFFICULTY
e42cb5f3-a4cb-4b5f-9a53-75cbfbb6d732	TIER_140	Tier 140	TIER_DIFFICULTY
9654ea42-39cd-40a8-a38c-bf4298e42d6c	TIER_141	Tier 141	TIER_DIFFICULTY
a40e64a1-2bfb-404c-9d94-d1c5236a097d	TIER_142	Tier 142	TIER_DIFFICULTY
63f3e00c-45f8-4221-84bb-89a4ed11d393	TIER_143	Tier 143	TIER_DIFFICULTY
54e22395-4dfd-418d-98ee-05c33f0a47a7	TIER_144	Tier 144	TIER_DIFFICULTY
f7a5fe57-3836-4a8f-8ee0-91d65ac6f98d	TIER_145	Tier 145	TIER_DIFFICULTY
845b1550-da12-4905-ae15-cbc852a9cdcb	TIER_146	Tier 146	TIER_DIFFICULTY
18bf4437-380b-4604-b2db-7e31189786e5	TIER_147	Tier 147	TIER_DIFFICULTY
bf310a23-00ab-46b8-bb1d-45148a016cdb	TIER_148	Tier 148	TIER_DIFFICULTY
4ebfe2f2-6566-48b6-ac1c-dd2b48c29e64	TIER_149	Tier 149	TIER_DIFFICULTY
a9a8325f-e879-41ec-94ce-9c38b14b3df6	TIER_15	Tier 15	TIER_DIFFICULTY
e7920b5c-3a66-4fcc-bf13-4b3e1e6a64a6	TIER_150	Tier 150	TIER_DIFFICULTY
07bbe613-26e7-406d-a9ef-b531c76b33ad	TIER_16	Tier 16	TIER_DIFFICULTY
5fc761b2-dac3-4295-a360-6dfa1d50e529	TIER_17	Tier 17	TIER_DIFFICULTY
d9106fcd-48ab-4473-9c46-8676182f691f	TIER_18	Tier 18	TIER_DIFFICULTY
b619ddbb-af82-4fcd-b760-a9936e60c0b9	TIER_19	Tier 19	TIER_DIFFICULTY
1708823b-2adf-43de-9fbd-146d8532f17d	TIER_2	Tier 2	TIER_DIFFICULTY
86217e18-5d20-4bfa-8f57-45ae50603d1c	TIER_20	Tier 20	TIER_DIFFICULTY
1ca6060a-8f7f-472b-9b36-f16a367cef30	TIER_21	Tier 21	TIER_DIFFICULTY
e4d8f474-c9fc-4e63-949e-16f7df068e7f	TIER_22	Tier 22	TIER_DIFFICULTY
1e8d8bbd-7bb9-4336-ae21-8e18622ce2b6	TIER_23	Tier 23	TIER_DIFFICULTY
f5d76945-ef90-474f-bb3d-08ffb142a9ed	TIER_24	Tier 24	TIER_DIFFICULTY
710c9e4a-fcb9-4f06-9cb4-1093f0a0762e	TIER_25	Tier 25	TIER_DIFFICULTY
d6b8fa3a-5036-44e1-b6d1-1f5f1447b102	TIER_26	Tier 26	TIER_DIFFICULTY
dacdcdc4-8eaa-4ef0-b0bd-b61b5d0503c4	TIER_27	Tier 27	TIER_DIFFICULTY
d83e8881-80e1-497c-b3da-db69c48bd27e	TIER_28	Tier 28	TIER_DIFFICULTY
10e95bf0-66c5-40db-88f3-2637657b07a6	TIER_29	Tier 29	TIER_DIFFICULTY
01a859b8-069b-454d-8d61-63565d6bc89e	TIER_3	Tier 3	TIER_DIFFICULTY
4f87bb48-c2ca-4fe9-8b9f-3495df973392	TIER_30	Tier 30	TIER_DIFFICULTY
ead7fb71-4d76-4109-9fbf-901b8e06e59b	TIER_31	Tier 31	TIER_DIFFICULTY
189dca77-ed7d-45d1-a086-5f52e5671e4d	TIER_32	Tier 32	TIER_DIFFICULTY
f9a3b7fd-4608-409a-98eb-3435b4828098	TIER_33	Tier 33	TIER_DIFFICULTY
a64a2e72-c176-4a90-ba8f-79764d4ef282	TIER_34	Tier 34	TIER_DIFFICULTY
580adc04-ef6a-42e6-8f40-6f893eb95414	TIER_35	Tier 35	TIER_DIFFICULTY
4d5fd861-e718-4c58-af61-3a7e107c28c7	TIER_36	Tier 36	TIER_DIFFICULTY
1631e221-2dc0-41ec-ba31-48f580d29bef	TIER_37	Tier 37	TIER_DIFFICULTY
95b1a565-f82c-43cc-8af0-037696680e2f	TIER_38	Tier 38	TIER_DIFFICULTY
e1a6a872-8517-408d-a27f-9d7450425a67	TIER_39	Tier 39	TIER_DIFFICULTY
fbaa3ecb-92ae-4e20-a271-963fa1003c4c	TIER_4	Tier 4	TIER_DIFFICULTY
b478d530-1c21-4198-8cfb-0d5757afdd19	TIER_40	Tier 40	TIER_DIFFICULTY
ff5cac7b-46a4-4436-bc22-ee95c3e10dcc	TIER_41	Tier 41	TIER_DIFFICULTY
5b3192f3-decf-41a2-a189-829284e64ddc	TIER_42	Tier 42	TIER_DIFFICULTY
f65c3ef7-f6fd-4e7e-a7f2-ffed353faa97	TIER_43	Tier 43	TIER_DIFFICULTY
f46cf879-846b-49c1-84a7-c31c46ef3d67	TIER_44	Tier 44	TIER_DIFFICULTY
6f7d6aa3-bb6a-44ec-852e-75bf7085913f	TIER_45	Tier 45	TIER_DIFFICULTY
0206ad29-6145-428d-9e39-07f0694d141d	TIER_46	Tier 46	TIER_DIFFICULTY
cccd0e64-0deb-49fb-8ed7-21f50081fc53	TIER_47	Tier 47	TIER_DIFFICULTY
d6c85fa0-64b7-438e-828f-bae231b7be3b	TIER_48	Tier 48	TIER_DIFFICULTY
aef9bbf4-dfc9-46cf-8726-ce14bb3d3e93	TIER_49	Tier 49	TIER_DIFFICULTY
c0f0d110-c63a-4d5e-a39d-2c0a1efc36e9	TIER_5	Tier 5	TIER_DIFFICULTY
0ce91c42-bc2e-4129-ae48-f51488d0de1d	TIER_50	Tier 50	TIER_DIFFICULTY
fad3a689-a784-4b12-ba6c-be7ec68d449c	TIER_51	Tier 51	TIER_DIFFICULTY
96686ec7-140a-4d4a-b09a-63c0794e42e7	TIER_52	Tier 52	TIER_DIFFICULTY
f963423c-2406-418a-8583-93978cddd1d6	TIER_53	Tier 53	TIER_DIFFICULTY
3bad8cf1-cd24-4de9-bb67-0d4100a17a91	TIER_54	Tier 54	TIER_DIFFICULTY
7c4f0754-a39a-4d06-ba29-0d66af2915c2	TIER_55	Tier 55	TIER_DIFFICULTY
82a75bab-c1d0-439c-9ed9-55ccd4f556fa	TIER_56	Tier 56	TIER_DIFFICULTY
eb438aad-152d-411f-a611-ec5e192bbcee	TIER_57	Tier 57	TIER_DIFFICULTY
9db3f972-f42f-4718-ae08-49ac4c31962e	TIER_58	Tier 58	TIER_DIFFICULTY
1b46933c-8a09-445f-b7d9-4b2fd36f3b4b	TIER_59	Tier 59	TIER_DIFFICULTY
cc78b9d3-f8ea-4cba-aad0-f9256099d8e7	TIER_6	Tier 6	TIER_DIFFICULTY
752f1e6d-28d1-4a50-bae3-7a9a57a62e5c	TIER_60	Tier 60	TIER_DIFFICULTY
7afa68bf-f482-46a5-9392-cda276d73be7	TIER_61	Tier 61	TIER_DIFFICULTY
00df7caa-1032-439a-93a9-0973bf460614	TIER_62	Tier 62	TIER_DIFFICULTY
eea0622a-a459-455f-8a45-fcf33640643f	TIER_63	Tier 63	TIER_DIFFICULTY
27cb4948-7095-4ac9-9bab-14dbed7916d5	TIER_64	Tier 64	TIER_DIFFICULTY
82557e84-6bcd-4006-8da9-c014b0932d31	TIER_65	Tier 65	TIER_DIFFICULTY
7a1bae2f-aeb8-44f1-886c-1104c836e054	TIER_66	Tier 66	TIER_DIFFICULTY
c0da4903-a69e-437d-a9d2-cbba7835a851	TIER_67	Tier 67	TIER_DIFFICULTY
8f4df64e-813b-4e43-8be4-a1f65d9edf7f	TIER_68	Tier 68	TIER_DIFFICULTY
460b81ac-d684-49c1-bd18-336903236ad9	TIER_69	Tier 69	TIER_DIFFICULTY
c19f31c6-7cdf-4e93-ab30-6449c910c574	TIER_7	Tier 7	TIER_DIFFICULTY
0a1c1638-cd7d-4e72-9632-52562f5ed2f3	TIER_70	Tier 70	TIER_DIFFICULTY
b70c96be-992c-4609-a82f-3b7a22609a32	TIER_71	Tier 71	TIER_DIFFICULTY
7ddaf381-bb48-452a-8cb9-059d1b3fe67d	TIER_72	Tier 72	TIER_DIFFICULTY
1d45a0dd-578a-496e-bc77-291d1ac52742	TIER_73	Tier 73	TIER_DIFFICULTY
3e00a4ee-7133-485a-8698-494919ff49f6	TIER_74	Tier 74	TIER_DIFFICULTY
b1f249da-9996-41c8-9563-37765a7517a0	TIER_75	Tier 75	TIER_DIFFICULTY
8549a94b-50cb-4776-ace7-f613a7eb2346	TIER_76	Tier 76	TIER_DIFFICULTY
061980f3-3534-4f6c-80c3-fa88476eb7a2	TIER_77	Tier 77	TIER_DIFFICULTY
46aee2f4-f430-4a5c-af10-c65d76b2ca57	TIER_78	Tier 78	TIER_DIFFICULTY
b6f1ebc8-8e62-4922-a656-6211a8ed85c0	TIER_79	Tier 79	TIER_DIFFICULTY
b7251044-f758-4c78-8c4c-a0be80baf7ec	TIER_8	Tier 8	TIER_DIFFICULTY
356df366-40bb-4d26-8556-dffdab0f32de	TIER_80	Tier 80	TIER_DIFFICULTY
e760bc8c-ac29-4e39-bfe1-a10bb1e95c6e	TIER_81	Tier 81	TIER_DIFFICULTY
5154937f-aef4-4184-8012-692cce80e8d0	TIER_82	Tier 82	TIER_DIFFICULTY
106d5ca6-341b-49d5-a2d6-85e7513e74cb	TIER_83	Tier 83	TIER_DIFFICULTY
28e817f2-c4d0-48bf-ba87-89bb808fbcf9	TIER_84	Tier 84	TIER_DIFFICULTY
a19cdabc-e9e8-44cd-ba37-d3fa832689f4	TIER_85	Tier 85	TIER_DIFFICULTY
1b8d906c-504a-48f4-a425-2f969475e994	TIER_86	Tier 86	TIER_DIFFICULTY
dac1af31-2938-4b0c-90d3-312d31176438	TIER_87	Tier 87	TIER_DIFFICULTY
9e039700-e24f-4fa4-a214-abec9716ed39	TIER_88	Tier 88	TIER_DIFFICULTY
f0c64f07-0b03-4be0-ade2-65e1aed1e465	TIER_89	Tier 89	TIER_DIFFICULTY
f2a977a6-5076-456f-bbb8-bd7901872d91	TIER_9	Tier 9	TIER_DIFFICULTY
35e8a41a-b33f-4795-bc95-1eb52182fd2d	TIER_90	Tier 90	TIER_DIFFICULTY
f5bba6f9-1e62-4b4b-a0d3-7ac07f09b6ee	TIER_91	Tier 91	TIER_DIFFICULTY
5fc5c993-5f1b-4c2d-8970-31528e5c3270	TIER_92	Tier 92	TIER_DIFFICULTY
8f537f48-7880-4475-95a8-5e5d58ecadbe	TIER_93	Tier 93	TIER_DIFFICULTY
997477e4-f5a1-442b-93ba-6d93bc7dea49	TIER_94	Tier 94	TIER_DIFFICULTY
149f3703-7f45-4ad1-a26a-683c6b08f5d8	TIER_95	Tier 95	TIER_DIFFICULTY
a623dc12-0edc-4759-8002-d501e80aa4c7	TIER_96	Tier 96	TIER_DIFFICULTY
045efcb5-57b2-4abc-a0e0-4bd9f8c4d5e4	TIER_97	Tier 97	TIER_DIFFICULTY
683c3d01-1a2f-4c53-bedf-03806d5753d7	TIER_98	Tier 98	TIER_DIFFICULTY
67fcf46b-c926-4240-bf35-808143a0a662	TIER_99	Tier 99	TIER_DIFFICULTY
421ab9e9-147c-44b9-98f3-5b663d2349bb	TORMENT_I	Torment I	TORMENT_DIFFICULTY
79c139d3-882d-4ccb-8753-b24f246d54cb	TORMENT_II	Torment II	TORMENT_DIFFICULTY
7d853a11-5126-4659-9a03-3ab5509aeacf	TORMENT_III	Torment III	TORMENT_DIFFICULTY
481f8bc5-aefc-49f9-92c1-7a7bf0f2234c	TORMENT_IV	Torment IV	TORMENT_DIFFICULTY
5ce0043e-29d0-4c75-8fbf-7a091b40a5d8	EXPERT	Expert	WORLD_DIFFICULTY
47373b3d-46e1-4500-a076-3b7c73eb9f06	HARD	Hard	WORLD_DIFFICULTY
af883844-aaea-440f-b215-30a6ce409004	NORMAL	Normal	WORLD_DIFFICULTY
d1adec3b-f83a-441a-9a17-a9bac5f42292	PENITENT	Penitent	WORLD_DIFFICULTY
\.


--
-- Data for Name: attribute_relationships; Type: TABLE DATA; Schema: public; Owner: postgres
--

COPY public.attribute_relationships (parent_attribute_id, child_attribute_id) FROM stdin;
625a52cc-b7a3-433d-a7ed-593f16f51101	8e9b4223-728c-4de5-b78c-ade7b2ba0dc2
625a52cc-b7a3-433d-a7ed-593f16f51101	a8e77847-00bd-44f6-ad63-529822f360b1
7af65381-c729-43e1-a25b-3d25c8978361	02b23518-c190-4539-8145-1d72697ded81
7ab33cc3-36ad-4af3-9820-9522346fa2f9	56d9f108-6422-4910-b68f-210e031aff43
7ab33cc3-36ad-4af3-9820-9522346fa2f9	03b756ab-e5bc-4a1f-ab91-94d11740ab68
7ab33cc3-36ad-4af3-9820-9522346fa2f9	6f34af70-9a8d-429f-90ac-1b65fcb51e18
7ab33cc3-36ad-4af3-9820-9522346fa2f9	7d378342-2fde-4f3e-9cee-43af3c31f7ee
7ab33cc3-36ad-4af3-9820-9522346fa2f9	f72080df-6beb-4581-8409-533123c4d62a
7ab33cc3-36ad-4af3-9820-9522346fa2f9	84067055-9070-40a7-8082-95d436e96500
7ab33cc3-36ad-4af3-9820-9522346fa2f9	00bd265d-22df-4f61-9a04-25b6a1bb688b
7ab33cc3-36ad-4af3-9820-9522346fa2f9	6d88afdc-0f17-48cc-8751-cf02bfd9ae2e
7ab33cc3-36ad-4af3-9820-9522346fa2f9	3bb26cfe-76cd-42d9-9d62-d0a732291945
d204b91b-a42b-406a-ad1f-87088aec42c8	d1bb8eaa-e1a7-4aef-a593-ee89165188f9
d204b91b-a42b-406a-ad1f-87088aec42c8	e1176af9-9b1d-40e5-ae75-7ee294e4a27c
d204b91b-a42b-406a-ad1f-87088aec42c8	b48c5c57-e061-4165-94d8-77b39a772a93
31cab463-dbb7-4a1b-8173-164527b15f9c	7af65381-c729-43e1-a25b-3d25c8978361
31cab463-dbb7-4a1b-8173-164527b15f9c	7ab33cc3-36ad-4af3-9820-9522346fa2f9
61c705a9-6050-4679-a4c3-cca927716b95	bb9f281e-2f65-4b0e-8df5-b7243d3138a3
61c705a9-6050-4679-a4c3-cca927716b95	1708823b-2adf-43de-9fbd-146d8532f17d
61c705a9-6050-4679-a4c3-cca927716b95	01a859b8-069b-454d-8d61-63565d6bc89e
61c705a9-6050-4679-a4c3-cca927716b95	fbaa3ecb-92ae-4e20-a271-963fa1003c4c
61c705a9-6050-4679-a4c3-cca927716b95	c0f0d110-c63a-4d5e-a39d-2c0a1efc36e9
61c705a9-6050-4679-a4c3-cca927716b95	cc78b9d3-f8ea-4cba-aad0-f9256099d8e7
61c705a9-6050-4679-a4c3-cca927716b95	c19f31c6-7cdf-4e93-ab30-6449c910c574
61c705a9-6050-4679-a4c3-cca927716b95	b7251044-f758-4c78-8c4c-a0be80baf7ec
61c705a9-6050-4679-a4c3-cca927716b95	f2a977a6-5076-456f-bbb8-bd7901872d91
61c705a9-6050-4679-a4c3-cca927716b95	b57b7c63-7692-4f11-b115-704565af966e
61c705a9-6050-4679-a4c3-cca927716b95	dfcc695c-4a44-41d3-ab0a-62d55bf9c954
61c705a9-6050-4679-a4c3-cca927716b95	e9de4270-3a2a-4ba7-88d2-110a5ef2de7d
61c705a9-6050-4679-a4c3-cca927716b95	9558baac-b345-45fa-b230-48d468f3f741
61c705a9-6050-4679-a4c3-cca927716b95	ae878ea5-2b62-4e45-967e-646411dcca19
61c705a9-6050-4679-a4c3-cca927716b95	a9a8325f-e879-41ec-94ce-9c38b14b3df6
61c705a9-6050-4679-a4c3-cca927716b95	07bbe613-26e7-406d-a9ef-b531c76b33ad
61c705a9-6050-4679-a4c3-cca927716b95	5fc761b2-dac3-4295-a360-6dfa1d50e529
61c705a9-6050-4679-a4c3-cca927716b95	d9106fcd-48ab-4473-9c46-8676182f691f
61c705a9-6050-4679-a4c3-cca927716b95	b619ddbb-af82-4fcd-b760-a9936e60c0b9
61c705a9-6050-4679-a4c3-cca927716b95	86217e18-5d20-4bfa-8f57-45ae50603d1c
61c705a9-6050-4679-a4c3-cca927716b95	1ca6060a-8f7f-472b-9b36-f16a367cef30
61c705a9-6050-4679-a4c3-cca927716b95	e4d8f474-c9fc-4e63-949e-16f7df068e7f
61c705a9-6050-4679-a4c3-cca927716b95	1e8d8bbd-7bb9-4336-ae21-8e18622ce2b6
61c705a9-6050-4679-a4c3-cca927716b95	f5d76945-ef90-474f-bb3d-08ffb142a9ed
61c705a9-6050-4679-a4c3-cca927716b95	710c9e4a-fcb9-4f06-9cb4-1093f0a0762e
61c705a9-6050-4679-a4c3-cca927716b95	d6b8fa3a-5036-44e1-b6d1-1f5f1447b102
61c705a9-6050-4679-a4c3-cca927716b95	dacdcdc4-8eaa-4ef0-b0bd-b61b5d0503c4
61c705a9-6050-4679-a4c3-cca927716b95	d83e8881-80e1-497c-b3da-db69c48bd27e
61c705a9-6050-4679-a4c3-cca927716b95	10e95bf0-66c5-40db-88f3-2637657b07a6
61c705a9-6050-4679-a4c3-cca927716b95	4f87bb48-c2ca-4fe9-8b9f-3495df973392
61c705a9-6050-4679-a4c3-cca927716b95	ead7fb71-4d76-4109-9fbf-901b8e06e59b
61c705a9-6050-4679-a4c3-cca927716b95	189dca77-ed7d-45d1-a086-5f52e5671e4d
61c705a9-6050-4679-a4c3-cca927716b95	f9a3b7fd-4608-409a-98eb-3435b4828098
61c705a9-6050-4679-a4c3-cca927716b95	a64a2e72-c176-4a90-ba8f-79764d4ef282
61c705a9-6050-4679-a4c3-cca927716b95	580adc04-ef6a-42e6-8f40-6f893eb95414
61c705a9-6050-4679-a4c3-cca927716b95	4d5fd861-e718-4c58-af61-3a7e107c28c7
61c705a9-6050-4679-a4c3-cca927716b95	1631e221-2dc0-41ec-ba31-48f580d29bef
61c705a9-6050-4679-a4c3-cca927716b95	95b1a565-f82c-43cc-8af0-037696680e2f
61c705a9-6050-4679-a4c3-cca927716b95	e1a6a872-8517-408d-a27f-9d7450425a67
61c705a9-6050-4679-a4c3-cca927716b95	b478d530-1c21-4198-8cfb-0d5757afdd19
61c705a9-6050-4679-a4c3-cca927716b95	ff5cac7b-46a4-4436-bc22-ee95c3e10dcc
61c705a9-6050-4679-a4c3-cca927716b95	5b3192f3-decf-41a2-a189-829284e64ddc
61c705a9-6050-4679-a4c3-cca927716b95	f65c3ef7-f6fd-4e7e-a7f2-ffed353faa97
61c705a9-6050-4679-a4c3-cca927716b95	f46cf879-846b-49c1-84a7-c31c46ef3d67
61c705a9-6050-4679-a4c3-cca927716b95	6f7d6aa3-bb6a-44ec-852e-75bf7085913f
61c705a9-6050-4679-a4c3-cca927716b95	0206ad29-6145-428d-9e39-07f0694d141d
61c705a9-6050-4679-a4c3-cca927716b95	cccd0e64-0deb-49fb-8ed7-21f50081fc53
61c705a9-6050-4679-a4c3-cca927716b95	d6c85fa0-64b7-438e-828f-bae231b7be3b
61c705a9-6050-4679-a4c3-cca927716b95	aef9bbf4-dfc9-46cf-8726-ce14bb3d3e93
61c705a9-6050-4679-a4c3-cca927716b95	0ce91c42-bc2e-4129-ae48-f51488d0de1d
61c705a9-6050-4679-a4c3-cca927716b95	fad3a689-a784-4b12-ba6c-be7ec68d449c
61c705a9-6050-4679-a4c3-cca927716b95	96686ec7-140a-4d4a-b09a-63c0794e42e7
61c705a9-6050-4679-a4c3-cca927716b95	f963423c-2406-418a-8583-93978cddd1d6
61c705a9-6050-4679-a4c3-cca927716b95	3bad8cf1-cd24-4de9-bb67-0d4100a17a91
61c705a9-6050-4679-a4c3-cca927716b95	7c4f0754-a39a-4d06-ba29-0d66af2915c2
61c705a9-6050-4679-a4c3-cca927716b95	82a75bab-c1d0-439c-9ed9-55ccd4f556fa
61c705a9-6050-4679-a4c3-cca927716b95	eb438aad-152d-411f-a611-ec5e192bbcee
61c705a9-6050-4679-a4c3-cca927716b95	9db3f972-f42f-4718-ae08-49ac4c31962e
61c705a9-6050-4679-a4c3-cca927716b95	1b46933c-8a09-445f-b7d9-4b2fd36f3b4b
61c705a9-6050-4679-a4c3-cca927716b95	752f1e6d-28d1-4a50-bae3-7a9a57a62e5c
61c705a9-6050-4679-a4c3-cca927716b95	7afa68bf-f482-46a5-9392-cda276d73be7
61c705a9-6050-4679-a4c3-cca927716b95	00df7caa-1032-439a-93a9-0973bf460614
61c705a9-6050-4679-a4c3-cca927716b95	eea0622a-a459-455f-8a45-fcf33640643f
61c705a9-6050-4679-a4c3-cca927716b95	27cb4948-7095-4ac9-9bab-14dbed7916d5
61c705a9-6050-4679-a4c3-cca927716b95	82557e84-6bcd-4006-8da9-c014b0932d31
61c705a9-6050-4679-a4c3-cca927716b95	7a1bae2f-aeb8-44f1-886c-1104c836e054
61c705a9-6050-4679-a4c3-cca927716b95	c0da4903-a69e-437d-a9d2-cbba7835a851
61c705a9-6050-4679-a4c3-cca927716b95	8f4df64e-813b-4e43-8be4-a1f65d9edf7f
61c705a9-6050-4679-a4c3-cca927716b95	460b81ac-d684-49c1-bd18-336903236ad9
61c705a9-6050-4679-a4c3-cca927716b95	0a1c1638-cd7d-4e72-9632-52562f5ed2f3
61c705a9-6050-4679-a4c3-cca927716b95	b70c96be-992c-4609-a82f-3b7a22609a32
61c705a9-6050-4679-a4c3-cca927716b95	7ddaf381-bb48-452a-8cb9-059d1b3fe67d
61c705a9-6050-4679-a4c3-cca927716b95	1d45a0dd-578a-496e-bc77-291d1ac52742
61c705a9-6050-4679-a4c3-cca927716b95	3e00a4ee-7133-485a-8698-494919ff49f6
61c705a9-6050-4679-a4c3-cca927716b95	b1f249da-9996-41c8-9563-37765a7517a0
61c705a9-6050-4679-a4c3-cca927716b95	8549a94b-50cb-4776-ace7-f613a7eb2346
61c705a9-6050-4679-a4c3-cca927716b95	061980f3-3534-4f6c-80c3-fa88476eb7a2
61c705a9-6050-4679-a4c3-cca927716b95	46aee2f4-f430-4a5c-af10-c65d76b2ca57
61c705a9-6050-4679-a4c3-cca927716b95	b6f1ebc8-8e62-4922-a656-6211a8ed85c0
61c705a9-6050-4679-a4c3-cca927716b95	356df366-40bb-4d26-8556-dffdab0f32de
61c705a9-6050-4679-a4c3-cca927716b95	e760bc8c-ac29-4e39-bfe1-a10bb1e95c6e
61c705a9-6050-4679-a4c3-cca927716b95	5154937f-aef4-4184-8012-692cce80e8d0
61c705a9-6050-4679-a4c3-cca927716b95	106d5ca6-341b-49d5-a2d6-85e7513e74cb
61c705a9-6050-4679-a4c3-cca927716b95	28e817f2-c4d0-48bf-ba87-89bb808fbcf9
61c705a9-6050-4679-a4c3-cca927716b95	a19cdabc-e9e8-44cd-ba37-d3fa832689f4
61c705a9-6050-4679-a4c3-cca927716b95	1b8d906c-504a-48f4-a425-2f969475e994
61c705a9-6050-4679-a4c3-cca927716b95	dac1af31-2938-4b0c-90d3-312d31176438
61c705a9-6050-4679-a4c3-cca927716b95	9e039700-e24f-4fa4-a214-abec9716ed39
61c705a9-6050-4679-a4c3-cca927716b95	f0c64f07-0b03-4be0-ade2-65e1aed1e465
61c705a9-6050-4679-a4c3-cca927716b95	35e8a41a-b33f-4795-bc95-1eb52182fd2d
61c705a9-6050-4679-a4c3-cca927716b95	f5bba6f9-1e62-4b4b-a0d3-7ac07f09b6ee
61c705a9-6050-4679-a4c3-cca927716b95	5fc5c993-5f1b-4c2d-8970-31528e5c3270
61c705a9-6050-4679-a4c3-cca927716b95	8f537f48-7880-4475-95a8-5e5d58ecadbe
61c705a9-6050-4679-a4c3-cca927716b95	997477e4-f5a1-442b-93ba-6d93bc7dea49
61c705a9-6050-4679-a4c3-cca927716b95	149f3703-7f45-4ad1-a26a-683c6b08f5d8
61c705a9-6050-4679-a4c3-cca927716b95	a623dc12-0edc-4759-8002-d501e80aa4c7
61c705a9-6050-4679-a4c3-cca927716b95	045efcb5-57b2-4abc-a0e0-4bd9f8c4d5e4
61c705a9-6050-4679-a4c3-cca927716b95	683c3d01-1a2f-4c53-bedf-03806d5753d7
61c705a9-6050-4679-a4c3-cca927716b95	67fcf46b-c926-4240-bf35-808143a0a662
61c705a9-6050-4679-a4c3-cca927716b95	e351c090-b6be-4e9b-a188-0db2ce7f103d
61c705a9-6050-4679-a4c3-cca927716b95	9313394d-68cd-46be-9fe7-ae58b740b473
61c705a9-6050-4679-a4c3-cca927716b95	caa11549-7993-4ee4-9600-dc2a8860141e
61c705a9-6050-4679-a4c3-cca927716b95	f4682723-047b-4324-8b32-0bbe4e304b45
61c705a9-6050-4679-a4c3-cca927716b95	5906d963-301a-445e-ba3c-be0b68cc3110
61c705a9-6050-4679-a4c3-cca927716b95	d02e56dc-47fe-4b68-8823-9eead42a5940
61c705a9-6050-4679-a4c3-cca927716b95	dfacf8b2-f798-4f88-b0db-fce99955e485
61c705a9-6050-4679-a4c3-cca927716b95	6ab8af6a-168f-4da2-af95-74acd480db43
61c705a9-6050-4679-a4c3-cca927716b95	af995a0f-59d5-4e14-8c5c-3158dae5f9c9
61c705a9-6050-4679-a4c3-cca927716b95	35c3475a-00b6-4c10-b0dc-dc434e1413f1
61c705a9-6050-4679-a4c3-cca927716b95	2df71355-58c0-4a4c-bda9-846b3e647f4d
61c705a9-6050-4679-a4c3-cca927716b95	01d6c4b8-1aec-4b05-88a3-7195cbe63916
61c705a9-6050-4679-a4c3-cca927716b95	26cff92d-8b18-4d22-8ec7-4d6364ed1253
61c705a9-6050-4679-a4c3-cca927716b95	8dad3fbc-cc66-42de-801d-04f215f0382e
61c705a9-6050-4679-a4c3-cca927716b95	d53b51a4-6629-46e0-8c03-91535eefce28
61c705a9-6050-4679-a4c3-cca927716b95	53b53fdb-2556-468f-ad9b-49f0a494955c
61c705a9-6050-4679-a4c3-cca927716b95	5b141d80-fc0f-498c-b4d7-ed40ea8c4753
61c705a9-6050-4679-a4c3-cca927716b95	cbf095ad-9873-407a-b9de-ec2365ecc8b4
61c705a9-6050-4679-a4c3-cca927716b95	af6def0a-0eea-4e6d-87d4-548113d60b77
61c705a9-6050-4679-a4c3-cca927716b95	6262b036-dac0-40a5-85fb-f7ac5009e04e
61c705a9-6050-4679-a4c3-cca927716b95	2eb6eea7-3bdb-4edc-9774-5879ec444007
61c705a9-6050-4679-a4c3-cca927716b95	48876a5a-56dd-4141-8935-6e64a422ce91
61c705a9-6050-4679-a4c3-cca927716b95	0c4aaa66-d593-4b35-86df-16689b698114
61c705a9-6050-4679-a4c3-cca927716b95	047ed7de-bf0d-46f5-a963-2560c227b2bd
61c705a9-6050-4679-a4c3-cca927716b95	08114957-b5d1-4794-b884-f22cd5c315e9
61c705a9-6050-4679-a4c3-cca927716b95	1b5600a9-a44d-419b-8819-e1084e3f7088
61c705a9-6050-4679-a4c3-cca927716b95	bcb633b8-518b-4807-bc8d-e9faac42f75a
61c705a9-6050-4679-a4c3-cca927716b95	9d0ea3bc-8317-49ca-9a49-55617b4c0a0b
61c705a9-6050-4679-a4c3-cca927716b95	b2b4cf60-39aa-46f9-a767-6373494676be
61c705a9-6050-4679-a4c3-cca927716b95	625a6f94-e6fe-4a3d-a31f-1eadead02be7
61c705a9-6050-4679-a4c3-cca927716b95	4ebfc710-03c2-40cd-b1f5-2f34d34b8838
61c705a9-6050-4679-a4c3-cca927716b95	18f4a625-0e7d-440d-9695-12eb68ba19ae
61c705a9-6050-4679-a4c3-cca927716b95	79c9a59d-bab5-42e7-9480-a790e1e0af26
61c705a9-6050-4679-a4c3-cca927716b95	a3fbf7da-3edc-45d4-b162-fc6fefe4562d
61c705a9-6050-4679-a4c3-cca927716b95	e4900606-5ab5-4122-ba0a-4d31ec3a6e54
61c705a9-6050-4679-a4c3-cca927716b95	2109d014-51a5-45fc-97e0-6446da4153db
61c705a9-6050-4679-a4c3-cca927716b95	d5595987-a1a0-4250-94c9-f329ad01043d
61c705a9-6050-4679-a4c3-cca927716b95	8e504f05-34f1-4170-ab4d-1afbe89adae3
61c705a9-6050-4679-a4c3-cca927716b95	41d253f2-dad2-4904-84ce-9a3d108cab32
61c705a9-6050-4679-a4c3-cca927716b95	3a80ee1e-11c3-455f-970f-7e7e74f098c0
61c705a9-6050-4679-a4c3-cca927716b95	e42cb5f3-a4cb-4b5f-9a53-75cbfbb6d732
61c705a9-6050-4679-a4c3-cca927716b95	9654ea42-39cd-40a8-a38c-bf4298e42d6c
61c705a9-6050-4679-a4c3-cca927716b95	a40e64a1-2bfb-404c-9d94-d1c5236a097d
61c705a9-6050-4679-a4c3-cca927716b95	63f3e00c-45f8-4221-84bb-89a4ed11d393
61c705a9-6050-4679-a4c3-cca927716b95	54e22395-4dfd-418d-98ee-05c33f0a47a7
61c705a9-6050-4679-a4c3-cca927716b95	f7a5fe57-3836-4a8f-8ee0-91d65ac6f98d
61c705a9-6050-4679-a4c3-cca927716b95	845b1550-da12-4905-ae15-cbc852a9cdcb
61c705a9-6050-4679-a4c3-cca927716b95	18bf4437-380b-4604-b2db-7e31189786e5
61c705a9-6050-4679-a4c3-cca927716b95	bf310a23-00ab-46b8-bb1d-45148a016cdb
61c705a9-6050-4679-a4c3-cca927716b95	4ebfe2f2-6566-48b6-ac1c-dd2b48c29e64
61c705a9-6050-4679-a4c3-cca927716b95	e7920b5c-3a66-4fcc-bf13-4b3e1e6a64a6
a92d4122-337d-4bcd-a015-8660e0461d64	396ed81d-4114-485b-bee5-0ce04d41f444
a92d4122-337d-4bcd-a015-8660e0461d64	05b335f0-18c9-4be5-81b7-df8f793733cd
a92d4122-337d-4bcd-a015-8660e0461d64	18ca7a74-d411-44da-8a6b-5bc71824bae2
a92d4122-337d-4bcd-a015-8660e0461d64	600c023a-4866-4cae-90a3-4cb11320143f
a92d4122-337d-4bcd-a015-8660e0461d64	d353d4ce-5512-436b-bcce-6723d042dd0a
a92d4122-337d-4bcd-a015-8660e0461d64	5d4218ca-44f6-45a4-a068-4ff1b07bdc25
a92d4122-337d-4bcd-a015-8660e0461d64	ca567211-21e7-4cea-9545-8c31db27fe3d
53ff8777-ec5c-474d-a99a-cd529df2ec3e	e4deb6d2-6051-437f-9f94-652aefa2ad1b
53ff8777-ec5c-474d-a99a-cd529df2ec3e	7d97e3f5-b5fc-4ff0-8d6f-3ec89f295f74
53ff8777-ec5c-474d-a99a-cd529df2ec3e	c36b2fc9-23bf-4a8c-950d-8fe8391f80d2
766e9eb8-7a1a-4d7e-8dbb-366514884ce8	f5cd6298-6402-4565-bf51-0e3c1858ee2b
74e8c7f9-5f5a-450e-b8d1-14b5382c7c6c	275acf05-8b1e-40a4-beeb-d9e9da07f799
4ae604a0-e577-438c-ba66-566cd86d437d	c36b2fc9-23bf-4a8c-950d-8fe8391f80d2
4ae604a0-e577-438c-ba66-566cd86d437d	944e4092-03f1-4478-bffd-91e62e83e6ed
4ae604a0-e577-438c-ba66-566cd86d437d	01dfec69-57fd-43b4-8a88-07034748558f
4ae604a0-e577-438c-ba66-566cd86d437d	4728a3b4-6157-4524-a493-973e371b9dff
4ae604a0-e577-438c-ba66-566cd86d437d	01dd31ba-5fe9-403b-815e-8fbe9523416e
4ae604a0-e577-438c-ba66-566cd86d437d	5b6f56c7-d4ac-4a6e-9dee-74c88f02c083
4ae604a0-e577-438c-ba66-566cd86d437d	aefa7d08-456f-4f42-9f12-b0d57f4257c6
9f204167-3271-4da1-bf6e-c19467d1f030	a92d4122-337d-4bcd-a015-8660e0461d64
9f204167-3271-4da1-bf6e-c19467d1f030	53ff8777-ec5c-474d-a99a-cd529df2ec3e
0c26e4f6-a6d4-4d33-a6b6-9b64680d2b2a	421ab9e9-147c-44b9-98f3-5b663d2349bb
0c26e4f6-a6d4-4d33-a6b6-9b64680d2b2a	79c139d3-882d-4ccb-8753-b24f246d54cb
0c26e4f6-a6d4-4d33-a6b6-9b64680d2b2a	7d853a11-5126-4659-9a03-3ab5509aeacf
0c26e4f6-a6d4-4d33-a6b6-9b64680d2b2a	481f8bc5-aefc-49f9-92c1-7a7bf0f2234c
1aae4234-22c4-4eba-8941-46f279edffd0	421ab9e9-147c-44b9-98f3-5b663d2349bb
1aae4234-22c4-4eba-8941-46f279edffd0	79c139d3-882d-4ccb-8753-b24f246d54cb
1aae4234-22c4-4eba-8941-46f279edffd0	7d853a11-5126-4659-9a03-3ab5509aeacf
1aae4234-22c4-4eba-8941-46f279edffd0	481f8bc5-aefc-49f9-92c1-7a7bf0f2234c
eca5ad39-ad71-4c62-ae2e-368fa3931367	cc45d485-cd32-4030-89e9-eb33a25044fd
eca5ad39-ad71-4c62-ae2e-368fa3931367	abe57c2a-98d5-42d3-b314-b4f90037c05c
eca5ad39-ad71-4c62-ae2e-368fa3931367	660e078f-db99-4682-aac3-04fa252a2a9e
eca5ad39-ad71-4c62-ae2e-368fa3931367	7a908682-9e4f-4b37-a923-cbb23faebcaa
eca5ad39-ad71-4c62-ae2e-368fa3931367	04fc2285-63df-4605-baea-02272c121399
eca5ad39-ad71-4c62-ae2e-368fa3931367	095038e6-e566-43fc-a4cb-9c06160c1611
5aa37a94-5dc3-4f12-ba94-26488ee55bc7	56b08eb2-20d0-4834-9238-49996c43840f
5aa37a94-5dc3-4f12-ba94-26488ee55bc7	10e12878-2e72-4d37-9486-b8c90a0027dd
5aa37a94-5dc3-4f12-ba94-26488ee55bc7	58dee4d2-ff58-40d4-95c4-2bb9dc797451
5aa37a94-5dc3-4f12-ba94-26488ee55bc7	7d35cc5f-d6ca-492a-bc22-37997df53b3b
5aa37a94-5dc3-4f12-ba94-26488ee55bc7	31b1aeef-cc49-4dbc-907d-8ea9678361c1
5aa37a94-5dc3-4f12-ba94-26488ee55bc7	6f2799aa-0229-4659-b8ba-29be531f1641
5aa37a94-5dc3-4f12-ba94-26488ee55bc7	fc0a72f7-2996-4ec3-b4e3-d01b64b29616
5aa37a94-5dc3-4f12-ba94-26488ee55bc7	979455a3-d8f3-43b8-b1af-62e4835ad7ee
5aa37a94-5dc3-4f12-ba94-26488ee55bc7	a0e67be4-30f0-4842-9e94-8d7de40dbf93
5aa37a94-5dc3-4f12-ba94-26488ee55bc7	2d74bac1-2262-4e95-b819-f23657c61dc5
5aa37a94-5dc3-4f12-ba94-26488ee55bc7	df15e3f6-719e-437a-8082-69e1e21d4f71
5aa37a94-5dc3-4f12-ba94-26488ee55bc7	1ec84ce9-678c-40f2-b52d-f14a90992fdd
5aa37a94-5dc3-4f12-ba94-26488ee55bc7	1ceec1df-1710-48fa-92b9-2cfef74ffa85
5aa37a94-5dc3-4f12-ba94-26488ee55bc7	091ca87b-fb73-442c-83cf-5205a4d3bb85
5aa37a94-5dc3-4f12-ba94-26488ee55bc7	4270fca4-09fc-4826-8b9f-a7a4cd0b3dec
f908d193-0bd4-4be6-b0ee-b86727f8dcc1	5848b7e6-f891-4c19-8956-914098d894fe
f908d193-0bd4-4be6-b0ee-b86727f8dcc1	88d12069-ec3e-4301-8198-226d85771d5f
f908d193-0bd4-4be6-b0ee-b86727f8dcc1	4b4f0cb2-fb5d-481d-9215-eaa4d48180f8
f908d193-0bd4-4be6-b0ee-b86727f8dcc1	d83e4a5c-b11d-43de-b7f3-2eaee466e37f
f908d193-0bd4-4be6-b0ee-b86727f8dcc1	1a0a419c-341c-4ecc-abf7-29064bc4091d
f908d193-0bd4-4be6-b0ee-b86727f8dcc1	e497091f-1ff3-4c6e-a4ab-fb53a74dd766
f908d193-0bd4-4be6-b0ee-b86727f8dcc1	dfcc8ff7-3a45-488d-bc49-71a9085564a4
f908d193-0bd4-4be6-b0ee-b86727f8dcc1	2d6f7b81-9801-4912-bea8-36213d5719ab
f908d193-0bd4-4be6-b0ee-b86727f8dcc1	d39b9b07-f15a-42f0-84d5-0d98d568dbe7
f908d193-0bd4-4be6-b0ee-b86727f8dcc1	08c591b3-1dcb-40a3-95bf-e68bd808a270
f908d193-0bd4-4be6-b0ee-b86727f8dcc1	4d61837f-dfee-4047-a42d-3b1cb439cf86
f908d193-0bd4-4be6-b0ee-b86727f8dcc1	b29a270f-6470-42a7-b38c-5a2916e1ec24
f908d193-0bd4-4be6-b0ee-b86727f8dcc1	281d8fb7-36ee-41d5-89fe-3d79ef35cb91
f908d193-0bd4-4be6-b0ee-b86727f8dcc1	7f3cb6ff-462f-4d87-91d6-eee4dc9b2865
f908d193-0bd4-4be6-b0ee-b86727f8dcc1	f9c40d25-9002-48f3-9646-9241b3c8209c
f908d193-0bd4-4be6-b0ee-b86727f8dcc1	56d6712a-9646-44a2-9281-bc3687ff5b83
f908d193-0bd4-4be6-b0ee-b86727f8dcc1	5d768962-bd3c-4cb8-81eb-f089176f5cb7
f908d193-0bd4-4be6-b0ee-b86727f8dcc1	03b69a32-938d-4bf9-9dea-59fe844bb2b9
f908d193-0bd4-4be6-b0ee-b86727f8dcc1	b6ebcc5a-0f0e-4899-ba11-02874d83a62d
4d61837f-dfee-4047-a42d-3b1cb439cf86	5bbc16e2-2f16-4387-bb17-3fb3366631e8
08c591b3-1dcb-40a3-95bf-e68bd808a270	5bbc16e2-2f16-4387-bb17-3fb3366631e8
dfcc8ff7-3a45-488d-bc49-71a9085564a4	5bbc16e2-2f16-4387-bb17-3fb3366631e8
4b4f0cb2-fb5d-481d-9215-eaa4d48180f8	5bbc16e2-2f16-4387-bb17-3fb3366631e8
88d12069-ec3e-4301-8198-226d85771d5f	5bbc16e2-2f16-4387-bb17-3fb3366631e8
5848b7e6-f891-4c19-8956-914098d894fe	5bbc16e2-2f16-4387-bb17-3fb3366631e8
b29a270f-6470-42a7-b38c-5a2916e1ec24	1a8aa996-f330-47ff-84ca-58ec1ee8fdb2
e497091f-1ff3-4c6e-a4ab-fb53a74dd766	1a8aa996-f330-47ff-84ca-58ec1ee8fdb2
1a0a419c-341c-4ecc-abf7-29064bc4091d	1a8aa996-f330-47ff-84ca-58ec1ee8fdb2
5848b7e6-f891-4c19-8956-914098d894fe	1a8aa996-f330-47ff-84ca-58ec1ee8fdb2
b29a270f-6470-42a7-b38c-5a2916e1ec24	76a18e09-44cb-46fb-b3ac-a1b8807f2175
5848b7e6-f891-4c19-8956-914098d894fe	76a18e09-44cb-46fb-b3ac-a1b8807f2175
5848b7e6-f891-4c19-8956-914098d894fe	6b85e6b7-2e26-4be5-818c-c466d566ca95
88d12069-ec3e-4301-8198-226d85771d5f	8708da74-4941-40ac-94ac-96dc69e513ca
88d12069-ec3e-4301-8198-226d85771d5f	b8e738ed-e795-4a54-be72-93c916732341
b29a270f-6470-42a7-b38c-5a2916e1ec24	3cfe1866-3370-4bdf-8b10-84660d35195b
4b4f0cb2-fb5d-481d-9215-eaa4d48180f8	3cfe1866-3370-4bdf-8b10-84660d35195b
4b4f0cb2-fb5d-481d-9215-eaa4d48180f8	a385314f-43c7-4cad-8f07-2c45c819a970
4d61837f-dfee-4047-a42d-3b1cb439cf86	19adffe8-7b31-4593-8a71-85ee1b9f802a
08c591b3-1dcb-40a3-95bf-e68bd808a270	19adffe8-7b31-4593-8a71-85ee1b9f802a
d39b9b07-f15a-42f0-84d5-0d98d568dbe7	19adffe8-7b31-4593-8a71-85ee1b9f802a
dfcc8ff7-3a45-488d-bc49-71a9085564a4	19adffe8-7b31-4593-8a71-85ee1b9f802a
d83e4a5c-b11d-43de-b7f3-2eaee466e37f	19adffe8-7b31-4593-8a71-85ee1b9f802a
4b4f0cb2-fb5d-481d-9215-eaa4d48180f8	19adffe8-7b31-4593-8a71-85ee1b9f802a
d83e4a5c-b11d-43de-b7f3-2eaee466e37f	72e32d9a-5858-45fa-ada3-c4db5ec92ae6
4d61837f-dfee-4047-a42d-3b1cb439cf86	359f4022-4346-4c9c-a980-14ccf294dd79
d83e4a5c-b11d-43de-b7f3-2eaee466e37f	359f4022-4346-4c9c-a980-14ccf294dd79
d83e4a5c-b11d-43de-b7f3-2eaee466e37f	fcd64fc1-9148-45c8-b567-b57976f2422b
2d6f7b81-9801-4912-bea8-36213d5719ab	327108e5-6c7b-49bd-9dbc-7eb83a909a89
1a0a419c-341c-4ecc-abf7-29064bc4091d	327108e5-6c7b-49bd-9dbc-7eb83a909a89
2d6f7b81-9801-4912-bea8-36213d5719ab	388c5442-2ae1-4fef-9ce4-bc55405484ef
e497091f-1ff3-4c6e-a4ab-fb53a74dd766	388c5442-2ae1-4fef-9ce4-bc55405484ef
1a0a419c-341c-4ecc-abf7-29064bc4091d	388c5442-2ae1-4fef-9ce4-bc55405484ef
2d6f7b81-9801-4912-bea8-36213d5719ab	46e90b54-20bb-4939-b306-e461fcb1465b
1a0a419c-341c-4ecc-abf7-29064bc4091d	46e90b54-20bb-4939-b306-e461fcb1465b
e497091f-1ff3-4c6e-a4ab-fb53a74dd766	390c1600-2f97-48e1-8c17-7a5dee538b45
08c591b3-1dcb-40a3-95bf-e68bd808a270	2604a23f-9d3f-4098-ada3-c10c4044cb8c
e497091f-1ff3-4c6e-a4ab-fb53a74dd766	2604a23f-9d3f-4098-ada3-c10c4044cb8c
dfcc8ff7-3a45-488d-bc49-71a9085564a4	e011216d-6f2d-49f6-923f-e0a94d610f10
dfcc8ff7-3a45-488d-bc49-71a9085564a4	5277c7f0-e5e4-46df-9738-df18c23063c5
2d6f7b81-9801-4912-bea8-36213d5719ab	8ebe52b2-7abb-4f62-a6b6-63e1ea26ebca
88d12069-ec3e-4301-8198-226d85771d5f	8ebe52b2-7abb-4f62-a6b6-63e1ea26ebca
d39b9b07-f15a-42f0-84d5-0d98d568dbe7	83d0fe6b-9c20-4bfb-bcee-4d632325728b
d39b9b07-f15a-42f0-84d5-0d98d568dbe7	3a434b78-1639-4390-8adb-a30854711072
d39b9b07-f15a-42f0-84d5-0d98d568dbe7	c10cb0f1-30b4-4dc4-9a5c-a3b189906ea7
08c591b3-1dcb-40a3-95bf-e68bd808a270	8d8ce133-4579-4bc7-b293-ee826b9ab07b
4d61837f-dfee-4047-a42d-3b1cb439cf86	76edfabd-4f9b-4358-bfaf-c4560fbf6500
b29a270f-6470-42a7-b38c-5a2916e1ec24	fc7a7084-3d33-4d00-b939-6127ccf337dc
6ec3c2e0-e771-4d32-96b0-e4bbe19ff7d5	0931ef6f-1848-4a90-8a72-1497bbd318a7
\.


--
-- Data for Name: audit_logs; Type: TABLE DATA; Schema: public; Owner: postgres
--

COPY public.audit_logs (id, at, actor, entity, entity_id, action, diff, table_name, op, pk, row_old, row_new, ctx) FROM stdin;
\.


--
-- Data for Name: channels; Type: TABLE DATA; Schema: public; Owner: postgres
--

COPY public.channels (id, code) FROM stdin;
8757fc30-4657-48d9-b58e-d9f8a0af3874	Discord
305db40c-25cd-4797-85cc-5f30da3f3aa3	Eldorado
815d1021-c0d0-4f26-a34f-1036f0a58092	Facebook
25e63b01-8c37-4f1e-8dc1-dd3f26771b9b	G2G
d99c8a14-decd-44fe-b91a-0eac3f362aa3	PlayerAuctions
\.


--
-- Data for Name: currencies; Type: TABLE DATA; Schema: public; Owner: postgres
--

COPY public.currencies (id, code, name) FROM stdin;
80c5bde6-8031-422e-93a8-2de3c3de7230	USD	US Dollar
b148fedf-2eb4-4725-b6e9-59537d1d845a	VND	Vietnam Dong
\.


--
-- Data for Name: parties; Type: TABLE DATA; Schema: public; Owner: postgres
--

COPY public.parties (id, type, name) FROM stdin;
76647a26-5714-44ec-b2ff-73b3d14dc332	customer	Anongaming
48554154-abb0-4b76-bf51-fc3013927af1	customer	G2G_Test1
95dedee5-aa0d-413b-b5f7-f66ea94ca7fc	customer	Ân Đụt Đụt
\.


--
-- Data for Name: customer_accounts; Type: TABLE DATA; Schema: public; Owner: postgres
--

COPY public.customer_accounts (id, party_id, account_type, label, btag, login_id, login_pwd) FROM stdin;
9fd04a40-9a3d-49ab-982c-000f06bb85e8	76647a26-5714-44ec-b2ff-73b3d14dc332	login	acc chồng	\N	Hyokae.gaming@gmail.com	Kydnlcdang012@
686893ec-032a-448c-b867-b2133b270011	48554154-abb0-4b76-bf51-fc3013927af1	btag	acc chính	G2G_Test1	\N	\N
bc34d369-1e99-4bdf-8db6-83854703a9f2	95dedee5-aa0d-413b-b5f7-f66ea94ca7fc	btag	Ân Đụt	AnDut#6789	\N	\N
51700d4d-3b45-49c5-9503-e1c62d3ce7d4	95dedee5-aa0d-413b-b5f7-f66ea94ca7fc	btag	Acc phụ	AnDut#8901	\N	\N
e7e6e13b-1a4e-45b6-9f4b-db58fa6f6f64	76647a26-5714-44ec-b2ff-73b3d14dc332	login	Acc Vợ	\N	Kaehyo.gaming@gmail.com	Kydnlcdang012@
\.


--
-- Data for Name: debug_log; Type: TABLE DATA; Schema: public; Owner: postgres
--

COPY public.debug_log (id, created_at, message) FROM stdin;
1	2025-09-22 04:31:05.53158+00	[finishSession DEBUG] p_activity_rows: []
2	2025-09-22 04:47:07.290901+00	[finishSession DEBUG] p_activity_rows: []
3	2025-09-22 04:49:20.251405+00	[finishSession DEBUG] p_activity_rows: []
4	2025-09-22 04:49:58.073216+00	[finishSession DEBUG] p_activity_rows: []
5	2025-09-22 04:56:51.248375+00	[finishSession DEBUG] p_activity_rows: [{"delta": 200, "params": {"label": "BELIAL_LORD_OF_LIES"}, "item_id": "be5a5e91-6b88-4f59-b61a-fb260b0d48a3", "kind_code": "ACTIVITY", "start_value": 0, "current_value": 200, "end_proof_url": null, "start_proof_url": null}, {"delta": 200, "params": {"label": "BELIAL_LORD_OF_LIES"}, "item_id": "756f4a4d-91e9-4b98-a198-a2974617cadd", "kind_code": "ACTIVITY", "start_value": 0, "current_value": 200, "end_proof_url": null, "start_proof_url": null}, {"delta": 200, "params": {"label": "BELIAL_LORD_OF_LIES"}, "item_id": "4c0b6f8e-c878-445c-ae75-ce4483c0ec98", "kind_code": "ACTIVITY", "start_value": 0, "current_value": 200, "end_proof_url": null, "start_proof_url": null}]
6	2025-09-22 04:58:43.39879+00	[finishSession DEBUG] p_activity_rows: []
7	2025-09-22 04:59:48.892515+00	[finishSession DEBUG] p_activity_rows: []
8	2025-09-22 05:07:54.143963+00	[finishSession DEBUG] p_activity_rows: []
9	2025-09-22 05:08:55.79047+00	[finishSession DEBUG] p_activity_rows: []
10	2025-09-22 05:09:21.663988+00	[finishSession DEBUG] p_activity_rows: []
11	2025-09-22 05:09:43.745853+00	[finishSession DEBUG] p_activity_rows: []
12	2025-09-22 15:16:52.489126+00	[finishSession DEBUG] p_activity_rows: []
13	2025-09-22 15:20:26.550914+00	[finishSession DEBUG] p_activity_rows: []
14	2025-09-22 15:21:04.586921+00	[finishSession DEBUG] p_activity_rows: []
15	2025-09-22 15:22:09.656321+00	[finishSession DEBUG] p_activity_rows: []
16	2025-09-22 15:23:31.922752+00	[finishSession DEBUG] p_activity_rows: []
17	2025-09-22 15:40:50.17682+00	[finishSession DEBUG] p_activity_rows: []
18	2025-09-22 15:44:25.642568+00	[finishSession DEBUG] p_activity_rows: []
19	2025-09-22 15:45:01.992219+00	[finishSession DEBUG] p_activity_rows: []
20	2025-09-22 15:48:22.603667+00	[finishSession DEBUG] p_activity_rows: []
21	2025-09-22 15:48:57.785928+00	[finishSession DEBUG] p_activity_rows: []
22	2025-09-22 15:56:22.830476+00	[finishSession DEBUG] p_activity_rows: [{"delta": 200, "params": {"label": "BELIAL_LORD_OF_LIES"}, "item_id": "cc5e09ed-8248-4d85-ad83-f0a963b124eb", "kind_code": "ACTIVITY", "start_value": 0, "current_value": 200, "end_proof_url": null, "start_proof_url": null}, {"delta": 200, "params": {"label": "BELIAL_LORD_OF_LIES"}, "item_id": "499ffbcf-53c1-48cc-9d0d-4332be499dc1", "kind_code": "ACTIVITY", "start_value": 0, "current_value": 200, "end_proof_url": null, "start_proof_url": null}]
23	2025-09-22 16:06:00.56211+00	[finishSession DEBUG] p_activity_rows: []
24	2025-09-22 16:20:02.632687+00	[finishSession DEBUG] p_activity_rows: []
\.


--
-- Data for Name: level_exp; Type: TABLE DATA; Schema: public; Owner: postgres
--

COPY public.level_exp (level, cumulative_exp) FROM stdin;
1	600000
2	600000
3	610000
4	620000
5	630000
6	640000
7	650000
8	660000
9	670000
10	680000
11	690000
12	700000
13	710000
14	720000
15	730000
16	740000
17	750000
18	760000
19	770000
20	780000
21	790000
22	800000
23	810000
24	820000
25	830000
26	840000
27	850000
28	860000
29	870000
30	880000
31	890000
32	900000
33	910000
34	920000
35	930000
36	940000
37	950000
38	960000
39	970000
40	980000
41	990000
42	1000000
43	1010000
44	1020000
45	1030000
46	1040000
47	1050000
48	1060000
49	1070000
50	1080000
51	1090000
52	1100000
53	1110000
54	1120000
55	1130000
56	1140000
57	1150000
58	1160000
59	1170000
60	1180000
61	1190000
62	1200000
63	1210000
64	1220000
65	1230000
66	1240000
67	1250000
68	1260000
69	1270000
70	1280000
71	1290000
72	1300000
73	1310000
74	1320000
75	1330000
76	1340000
77	1353850
78	1395669
79	1438310
80	1481780
81	1526083
82	1571225
83	1617210
84	1664044
85	1711732
86	1760280
87	1809692
88	1859973
89	1911128
90	1963164
91	2016083
92	2069892
93	2124595
94	2180198
95	2236704
96	2294120
97	2352449
98	2411697
99	2471868
100	2532967
101	2595000
102	2657969
103	2721881
104	2786739
105	2852549
106	2919315
107	2987042
108	3055734
109	3125396
110	3196032
111	3267646
112	3340244
113	3413830
114	3488408
115	3563982
116	3640558
117	3718138
118	3796729
119	3876333
120	3956956
121	4038602
122	4121274
123	4204978
124	4289718
125	4375497
126	4462320
127	4550191
128	4639114
129	4729095
130	4820135
131	4912241
132	5005415
133	5099662
134	5194987
135	5291393
136	5388884
137	5487464
138	5587137
139	5687908
140	5789780
141	5892758
142	5996844
143	6102044
144	6208361
145	6315800
146	6424363
147	6534055
148	6644880
149	6756841
150	6869943
151	6984189
152	7099584
153	7216131
154	7333833
155	7452695
156	7572720
157	7693913
158	7816277
159	7939815
160	8064532
161	8190430
162	8317515
163	8445789
164	8575257
165	8705921
166	8837786
167	8970855
168	9105132
169	9240621
170	9377325
171	9515247
172	9654392
173	9794763
174	9936363
175	10079196
176	10223266
177	10368576
178	10515130
179	10662932
180	10811984
181	10962290
182	11113854
183	11266679
184	11420769
185	11576128
186	11732758
187	11890663
188	12049847
189	12210312
190	12372063
191	12535103
192	12699436
193	12865064
194	13031991
195	13200220
196	13369755
197	13540599
198	13712756
199	13886229
200	14061021
201	14237135
202	14493422
203	15014600
204	15564945
205	16145934
206	16759110
207	17406087
208	18088549
209	18808257
210	19567051
211	20366850
212	21209659
213	22097571
214	23032769
215	24017532
216	25054236
217	26145360
218	27293489
219	28501318
220	29771654
221	31107427
222	32511684
223	33987604
224	35538497
225	37167807
226	38879125
227	40676184
228	42562873
229	44543238
230	46621487
231	48802000
232	51089331
233	53488216
234	56003579
235	58640539
236	61404416
237	64300741
238	67335257
239	70513933
240	73842969
241	77328803
242	80978120
243	84797861
244	88795231
245	92977707
246	97353049
247	101929310
248	106714842
249	111718309
250	116948696
251	122415321
252	128127845
253	134096283
254	140331014
255	146842796
256	153642776
257	160742504
258	168153945
259	175889489
260	183961971
261	192384680
262	201171377
263	210336304
264	219894206
265	229860341
266	240250499
267	251081019
268	262368802
269	274131333
270	286386693
271	299153584
272	312451343
273	326299962
274	340720108
275	355733144
276	371361149
277	387626938
278	404554087
279	422166952
280	440490693
281	459551299
282	479375610
283	499991343
284	521427119
285	543712484
286	566877940
287	590954971
288	615976073
289	641974777
290	668985686
291	697044498
292	726188043
293	756454310
294	787882482
295	820512969
296	854387440
297	889548861
298	926041528
299	963911104
300	1003204659
\.


--
-- Data for Name: profiles; Type: TABLE DATA; Schema: public; Owner: postgres
--

COPY public.profiles (id, display_name, status, created_at, updated_at, auth_id) FROM stdin;
8710590d-efde-4c63-99de-aba2014fe944	Yuko	active	2025-09-22 00:45:38.753609+00	2025-09-22 00:45:38.753609+00	8710590d-efde-4c63-99de-aba2014fe944
4564fd01-dbe8-48c2-b482-03340d6e0e80	GeGeCuli	active	2025-09-22 01:02:39.320158+00	2025-09-22 01:02:39.320158+00	4564fd01-dbe8-48c2-b482-03340d6e0e80
\.


--
-- Data for Name: orders; Type: TABLE DATA; Schema: public; Owner: postgres
--

COPY public.orders (id, side, status, party_id, channel_id, currency_id, created_by, created_at, price_total, notes, game_code, package_type, package_note, updated_at) FROM stdin;
5be31535-07b1-4241-995c-e853d929963b	SELL	completed	95dedee5-aa0d-413b-b5f7-f66ea94ca7fc	25e63b01-8c37-4f1e-8dc1-dd3f26771b9b	80c5bde6-8031-422e-93a8-2de3c3de7230	4564fd01-dbe8-48c2-b482-03340d6e0e80	2025-09-22 15:13:44.24242+00	70	\N	DIABLO_4	CUSTOM		2025-09-22 15:25:11.829992+00
7c1888a3-0b0b-4185-9097-d4753b985aa8	SELL	pending_completion	95dedee5-aa0d-413b-b5f7-f66ea94ca7fc	25e63b01-8c37-4f1e-8dc1-dd3f26771b9b	80c5bde6-8031-422e-93a8-2de3c3de7230	4564fd01-dbe8-48c2-b482-03340d6e0e80	2025-09-22 15:39:57.5354+00	77	\N	DIABLO_4	BUILD		2025-09-22 15:40:50.17682+00
b80aec45-5abb-46fc-8ccd-18a97b3fefb6	SELL	pending_completion	76647a26-5714-44ec-b2ff-73b3d14dc332	25e63b01-8c37-4f1e-8dc1-dd3f26771b9b	80c5bde6-8031-422e-93a8-2de3c3de7230	4564fd01-dbe8-48c2-b482-03340d6e0e80	2025-09-22 15:42:22.753997+00	77	\N	DIABLO_4	BUILD		2025-09-22 15:45:01.992219+00
d8e3320f-34ab-46fa-af9b-2ac46511de9f	SELL	pending_completion	76647a26-5714-44ec-b2ff-73b3d14dc332	25e63b01-8c37-4f1e-8dc1-dd3f26771b9b	80c5bde6-8031-422e-93a8-2de3c3de7230	4564fd01-dbe8-48c2-b482-03340d6e0e80	2025-09-22 15:46:16.256208+00	44	\N	DIABLO_4	BUILD		2025-09-22 15:48:57.785928+00
c725d386-5975-4d78-8643-23fe7f2b4650	SELL	completed	76647a26-5714-44ec-b2ff-73b3d14dc332	25e63b01-8c37-4f1e-8dc1-dd3f26771b9b	80c5bde6-8031-422e-93a8-2de3c3de7230	4564fd01-dbe8-48c2-b482-03340d6e0e80	2025-09-22 01:14:10.922179+00	500	\N	DIABLO_4	BUILD	build end game the pit 140, khách sộp, làm cẩn thận	2025-09-22 05:13:00.655318+00
2f5274f8-ff5a-4972-a15a-965d3bab28e7	SELL	cancelled	95dedee5-aa0d-413b-b5f7-f66ea94ca7fc	25e63b01-8c37-4f1e-8dc1-dd3f26771b9b	80c5bde6-8031-422e-93a8-2de3c3de7230	4564fd01-dbe8-48c2-b482-03340d6e0e80	2025-09-22 05:15:46.02123+00	75	khách bận đòi refund	DIABLO_4	BASIC		2025-09-22 14:58:20.91986+00
f2447fdf-98be-4f87-aee1-031a79fd6586	SELL	in_progress	95dedee5-aa0d-413b-b5f7-f66ea94ca7fc	25e63b01-8c37-4f1e-8dc1-dd3f26771b9b	80c5bde6-8031-422e-93a8-2de3c3de7230	4564fd01-dbe8-48c2-b482-03340d6e0e80	2025-09-22 05:16:21.039699+00	21	\N	DIABLO_4	BASIC		2025-09-22 14:58:50.447711+00
06382e9f-9376-4f94-8e1b-43bc5475fc5c	SELL	in_progress	48554154-abb0-4b76-bf51-fc3013927af1	25e63b01-8c37-4f1e-8dc1-dd3f26771b9b	80c5bde6-8031-422e-93a8-2de3c3de7230	8710590d-efde-4c63-99de-aba2014fe944	2025-09-22 04:32:07.136764+00	5	\N	DIABLO_4	BASIC		2025-09-22 14:59:25.885839+00
14e9fe39-1fe0-4d1a-acfb-9c887714fc5a	SELL	completed	76647a26-5714-44ec-b2ff-73b3d14dc332	25e63b01-8c37-4f1e-8dc1-dd3f26771b9b	80c5bde6-8031-422e-93a8-2de3c3de7230	4564fd01-dbe8-48c2-b482-03340d6e0e80	2025-09-22 15:55:09.846932+00	44	\N	DIABLO_4	BASIC		2025-09-22 15:56:53.416048+00
a7e16054-b6e4-480e-a0d6-c573822a4c3c	SELL	in_progress	76647a26-5714-44ec-b2ff-73b3d14dc332	25e63b01-8c37-4f1e-8dc1-dd3f26771b9b	80c5bde6-8031-422e-93a8-2de3c3de7230	4564fd01-dbe8-48c2-b482-03340d6e0e80	2025-09-22 15:05:52.390274+00	20	\N	DIABLO_4	BASIC		2025-09-22 16:20:33.675627+00
\.


--
-- Data for Name: products; Type: TABLE DATA; Schema: public; Owner: postgres
--

COPY public.products (id, name, type) FROM stdin;
37dc1e96-f0d3-440c-8a61-d8041052451e	Boosting Service	SERVICE
\.


--
-- Data for Name: product_variants; Type: TABLE DATA; Schema: public; Owner: postgres
--

COPY public.product_variants (id, product_id, display_name, price, is_active) FROM stdin;
6c9f15e1-cfd4-419c-84d1-41137946a7d1	37dc1e96-f0d3-440c-8a61-d8041052451e	Service-BASIC-a58035e8-9f38-462d-aca9-8849e381507f	5	t
91defb3b-1d3c-4dc2-99f2-afdc30065ac5	37dc1e96-f0d3-440c-8a61-d8041052451e	Service-BASIC-ad80a8e0-4d21-4a31-9b69-27fa1687c3a0	10	t
06884185-af8a-4a02-ac36-ebab58becb4f	37dc1e96-f0d3-440c-8a61-d8041052451e	Service-selfplay	20	t
8e0d6cd0-709e-49f5-aff2-b5596b29a7cf	37dc1e96-f0d3-440c-8a61-d8041052451e	Service-BUILD-b742dc45-9527-4c7d-beb8-a141c90b5ebd	500	t
d0f34b02-af5b-49f6-9c9a-29eb642c334f	37dc1e96-f0d3-440c-8a61-d8041052451e	Service-pilot	30	t
5f664629-5e3f-488a-94e2-02a21664fc60	37dc1e96-f0d3-440c-8a61-d8041052451e	Service-BASIC-b8a8b626-5290-4138-b2a9-0cf906fdee76	5	t
6721a751-98c6-4300-93a0-5e2da038fcc9	37dc1e96-f0d3-440c-8a61-d8041052451e	Service-BASIC-96ce9ade-0c95-465f-863d-6c0263db2734	75	t
cacb9062-27c9-4ec9-8d1e-10dee3fc3978	37dc1e96-f0d3-440c-8a61-d8041052451e	Service-BASIC-22f760c7-1691-4176-a656-d05aa80e8d4e	21	t
015759c6-fd45-4827-85b3-0b8a16d112c8	37dc1e96-f0d3-440c-8a61-d8041052451e	Service-BASIC-4e67239f-b09c-4205-bfd9-8792268192cf	20	t
4ae6d1da-2dda-4092-ab73-4749424e4914	37dc1e96-f0d3-440c-8a61-d8041052451e	Service-CUSTOM-910fdf1f-1da4-48fa-b42a-c7341e634f2d	70	t
7163642d-896c-48e1-8cf6-d95025625d16	37dc1e96-f0d3-440c-8a61-d8041052451e	Service-BUILD-fef1e18a-7f81-4c45-b85b-85ad0132bda3	77	t
505e11df-7ee3-4d20-9f31-659ffb13d1eb	37dc1e96-f0d3-440c-8a61-d8041052451e	Service-BUILD-6b0c4c6e-b6d8-4c5f-8908-54f4102b498d	77	t
be79c704-2a69-43c1-8268-06fb6ff1569e	37dc1e96-f0d3-440c-8a61-d8041052451e	Service-BUILD-781f3f1a-71df-4328-ac45-b035184118c2	44	t
711a6b84-b6d2-492e-be62-2ae8db0bf795	37dc1e96-f0d3-440c-8a61-d8041052451e	Service-BASIC-c9ba16d6-28e1-4f95-a31a-d8fe0008f875	44	t
\.


--
-- Data for Name: order_lines; Type: TABLE DATA; Schema: public; Owner: postgres
--

COPY public.order_lines (id, order_id, variant_id, customer_account_id, qty, unit_price, deadline_to, notes, paused_at, total_paused_duration, action_proof_urls) FROM stdin;
0f442910-726b-4f8a-9419-c3480a842990	06382e9f-9376-4f94-8e1b-43bc5475fc5c	5f664629-5e3f-488a-94e2-02a21664fc60	686893ec-032a-448c-b867-b2133b270011	1	5	2025-09-23 04:31:58+00	\N	\N	00:00:00	\N
8dfc9b36-72c5-4a82-9f2d-5569c0d6c5fd	c725d386-5975-4d78-8643-23fe7f2b4650	d0f34b02-af5b-49f6-9c9a-29eb642c334f	9fd04a40-9a3d-49ab-982c-000f06bb85e8	1	500	2025-09-30 01:14:07+00	\N	\N	00:00:00	{https://susuoambmzdmcygovkea.supabase.co/storage/v1/object/public/work-proofs/8dfc9b36-72c5-4a82-9f2d-5569c0d6c5fd/completion/1758517980444_odc1c9etqcs.png}
99845878-ad7d-4520-a213-cfcfbca9b2e6	f2447fdf-98be-4f87-aee1-031a79fd6586	cacb9062-27c9-4ec9-8d1e-10dee3fc3978	51700d4d-3b45-49c5-9503-e1c62d3ce7d4	1	21	2025-09-24 05:16:20+00	\N	\N	00:00:00	\N
79479fa1-89a1-464f-987e-ba80d33f0c81	2f5274f8-ff5a-4972-a15a-965d3bab28e7	6721a751-98c6-4300-93a0-5e2da038fcc9	bc34d369-1e99-4bdf-8db6-83854703a9f2	1	75	2025-09-26 05:15:42+00	\N	\N	00:00:00	{https://susuoambmzdmcygovkea.supabase.co/storage/v1/object/public/work-proofs/79479fa1-89a1-464f-987e-ba80d33f0c81/cancellation/1758553099958_zase2w8g2j.png}
2ab4011d-7ff1-46ba-be36-c03a73d9f3f6	a7e16054-b6e4-480e-a0d6-c573822a4c3c	015759c6-fd45-4827-85b3-0b8a16d112c8	e7e6e13b-1a4e-45b6-9f4b-db58fa6f6f64	1	20	2025-09-30 15:05:50+00	\N	\N	00:00:00	\N
7b637335-aa61-429b-97be-092c438427ee	5be31535-07b1-4241-995c-e853d929963b	4ae6d1da-2dda-4092-ab73-4749424e4914	bc34d369-1e99-4bdf-8db6-83854703a9f2	1	70	2025-09-25 15:18:58.33949+00	\N	\N	00:05:17.33949	{https://susuoambmzdmcygovkea.supabase.co/storage/v1/object/public/work-proofs/7b637335-aa61-429b-97be-092c438427ee/completion/1758554711076_vxs42ttfxus.png}
88162217-4bce-4014-aec7-466508a9ec43	7c1888a3-0b0b-4185-9097-d4753b985aa8	7163642d-896c-48e1-8cf6-d95025625d16	bc34d369-1e99-4bdf-8db6-83854703a9f2	1	77	2025-09-30 15:39:55+00	\N	\N	00:00:00	\N
fec9cbcc-7d98-4540-be3e-e29b807cf77d	b80aec45-5abb-46fc-8ccd-18a97b3fefb6	505e11df-7ee3-4d20-9f31-659ffb13d1eb	9fd04a40-9a3d-49ab-982c-000f06bb85e8	1	77	2025-09-25 15:41:20+00	\N	\N	00:00:00	\N
90e39f2e-280e-41e4-8237-48f57832d653	d8e3320f-34ab-46fa-af9b-2ac46511de9f	be79c704-2a69-43c1-8268-06fb6ff1569e	9fd04a40-9a3d-49ab-982c-000f06bb85e8	1	44	\N	\N	\N	00:00:00	\N
a9a86d4e-8b04-4e46-8190-65dfaf5656e9	14e9fe39-1fe0-4d1a-acfb-9c887714fc5a	711a6b84-b6d2-492e-be62-2ae8db0bf795	9fd04a40-9a3d-49ab-982c-000f06bb85e8	1	44	2025-09-30 15:54:54+00	\N	\N	00:00:00	{https://susuoambmzdmcygovkea.supabase.co/storage/v1/object/public/work-proofs/a9a86d4e-8b04-4e46-8190-65dfaf5656e9/completion/1758556612646_e2i3553a5ne.png}
\.


--
-- Data for Name: order_reviews; Type: TABLE DATA; Schema: public; Owner: postgres
--

COPY public.order_reviews (id, order_line_id, rating, comment, proof_urls, created_by, created_at) FROM stdin;
dbd5dc89-1db4-492b-a3a2-0fb4bd8ee4e9	7b637335-aa61-429b-97be-092c438427ee	1	\N	{https://susuoambmzdmcygovkea.supabase.co/storage/v1/object/public/work-proofs/7b637335-aa61-429b-97be-092c438427ee/completion/1758554881806_l9xarfthlp.png}	4564fd01-dbe8-48c2-b482-03340d6e0e80	2025-09-22 15:28:02.636938+00
\.


--
-- Data for Name: order_service_items; Type: TABLE DATA; Schema: public; Owner: postgres
--

COPY public.order_service_items (id, order_line_id, params, plan_qty, service_kind_id, done_qty) FROM stdin;
6bcee3a9-3d3d-4de5-8c41-f5058dfaa126	90e39f2e-280e-41e4-8237-48f57832d653	{"attribute_code": "FORGOTTEN_SOUL"}	15000	9f204167-3271-4da1-bf6e-c19467d1f030	16000
ba293e3e-ce8d-472b-b27e-ea4d96616f3b	90e39f2e-280e-41e4-8237-48f57832d653	{"attribute_code": "ORANGE_X3"}	10	5aa37a94-5dc3-4f12-ba94-26488ee55bc7	10
3afe836b-e565-4953-93d2-661d0878bbb2	0f442910-726b-4f8a-9419-c3480a842990	{"end": 60, "mode": "level", "start": 1}	59	625a52cc-b7a3-433d-a7ed-593f16f51101	0
050dca03-cc40-4c9d-bb43-027304f100a7	8dfc9b36-72c5-4a82-9f2d-5569c0d6c5fd	{"end": 60, "mode": "level", "start": 1}	59	625a52cc-b7a3-433d-a7ed-593f16f51101	59
e47d65bd-bbcf-4095-aeb6-017da7e7e9c0	8dfc9b36-72c5-4a82-9f2d-5569c0d6c5fd	{"end": 300, "mode": "paragon", "start": 1}	299	625a52cc-b7a3-433d-a7ed-593f16f51101	299
be5a5e91-6b88-4f59-b61a-fb260b0d48a3	8dfc9b36-72c5-4a82-9f2d-5569c0d6c5fd	{"ga_code": "2GA_REQUEST", "ga_note": "Cooldown RD, Max Life", "ga_label": "2GA Request", "item_code": "HARLEQUIN_CREST", "item_label": "Harlequin Crest"}	1	f908d193-0bd4-4be6-b0ee-b86727f8dcc1	1
756f4a4d-91e9-4b98-a198-a2974617cadd	8dfc9b36-72c5-4a82-9f2d-5569c0d6c5fd	{"ga_code": "2GA_REQUEST", "ga_note": "Core Skills, Crit Chance", "ga_label": "2GA Request", "item_code": "RING_OF_STARLESS_SKIES", "item_label": "Ring of Starless Skies"}	1	f908d193-0bd4-4be6-b0ee-b86727f8dcc1	1
4c0b6f8e-c878-445c-ae75-ce4483c0ec98	8dfc9b36-72c5-4a82-9f2d-5569c0d6c5fd	{"ga_code": "2GA_REQUEST", "ga_note": "All Stats, Max Life", "ga_label": "2GA Request", "item_code": "SHROUD_OF_FALSE_DEATH", "item_label": "Shroud of False Death"}	1	f908d193-0bd4-4be6-b0ee-b86727f8dcc1	1
e01e7210-8053-4f54-830f-dc51c634154c	8dfc9b36-72c5-4a82-9f2d-5569c0d6c5fd	{"attribute_code": "FORGOTTEN_SOUL"}	15000	9f204167-3271-4da1-bf6e-c19467d1f030	15000
cc5e09ed-8248-4d85-ad83-f0a963b124eb	a9a86d4e-8b04-4e46-8190-65dfaf5656e9	{"ga_code": "2GA_REQUEST", "ga_note": "Max Life, Cooldown RD", "ga_label": "2GA Request", "item_code": "HARLEQUIN_CREST", "item_label": "Harlequin Crest"}	1	f908d193-0bd4-4be6-b0ee-b86727f8dcc1	1
499ffbcf-53c1-48cc-9d0d-4332be499dc1	a9a86d4e-8b04-4e46-8190-65dfaf5656e9	{"ga_code": "1GA_REQUEST", "ga_note": "Max Life", "ga_label": "1GA Request", "item_code": "DOOMBRINGER", "item_label": "Doombringer"}	1	f908d193-0bd4-4be6-b0ee-b86727f8dcc1	1
6f8542b1-7c2a-47be-922f-d8059d9d8a9c	fec9cbcc-7d98-4540-be3e-e29b807cf77d	{"attribute_code": "FORGOTTEN_SOUL"}	15000	9f204167-3271-4da1-bf6e-c19467d1f030	20000
50a08ed9-e6a3-484c-8f7b-ea068255bbee	8dfc9b36-72c5-4a82-9f2d-5569c0d6c5fd	{"attribute_code": "ORANGE_X3"}	10	5aa37a94-5dc3-4f12-ba94-26488ee55bc7	10
b1e0e3cc-adbf-4949-9992-84b0deccb870	8dfc9b36-72c5-4a82-9f2d-5569c0d6c5fd	{"attribute_code": "OBDUCITE"}	350000	9f204167-3271-4da1-bf6e-c19467d1f030	1250000
da219c16-9450-4eb9-b456-6257866ea0f4	8dfc9b36-72c5-4a82-9f2d-5569c0d6c5fd	{"attribute_code": "ALL"}	1	eca5ad39-ad71-4c62-ae2e-368fa3931367	1
7a35a9ea-b99b-42d2-9439-b13920f261c3	79479fa1-89a1-464f-987e-ba80d33f0c81	{"end": 300, "mode": "paragon", "start": 259}	41	625a52cc-b7a3-433d-a7ed-593f16f51101	0
774a71a6-c241-4de3-b2e2-ec9d71dc93f6	99845878-ad7d-4520-a213-cfcfbca9b2e6	{"end": 60, "mode": "level", "start": 1}	59	625a52cc-b7a3-433d-a7ed-593f16f51101	0
ffcb84f5-c839-4efe-be8c-40f4888ca3b0	fec9cbcc-7d98-4540-be3e-e29b807cf77d	{"attribute_code": "OBDUCITE"}	250000	9f204167-3271-4da1-bf6e-c19467d1f030	300000
95af0801-eabc-4d0a-a90d-c26deed08467	2ab4011d-7ff1-46ba-be36-c03a73d9f3f6	{"end": 60, "mode": "level", "start": 1}	59	625a52cc-b7a3-433d-a7ed-593f16f51101	28
0d01aae9-382e-42fc-aa39-754adfd5f28c	7b637335-aa61-429b-97be-092c438427ee	{"end": 60, "mode": "level", "start": 1}	59	625a52cc-b7a3-433d-a7ed-593f16f51101	59
47bcf011-8161-430f-966e-f6b6f2a7c92a	7b637335-aa61-429b-97be-092c438427ee	{"end": 150, "mode": "paragon", "start": 1}	149	625a52cc-b7a3-433d-a7ed-593f16f51101	149
e84b5499-2d23-48b3-9d18-347630e09cc1	7b637335-aa61-429b-97be-092c438427ee	{"boss_code": "BELIAL_LORD_OF_LIES", "boss_label": "Belial, Lord of Lies"}	200	31cab463-dbb7-4a1b-8173-164527b15f9c	200
47c23563-689a-4fbd-b3a4-134204fb4f34	88162217-4bce-4014-aec7-466508a9ec43	{"attribute_code": "ORANGE_X3"}	10	5aa37a94-5dc3-4f12-ba94-26488ee55bc7	10
8fabd6a2-f160-4012-8712-d7184c305648	fec9cbcc-7d98-4540-be3e-e29b807cf77d	{"attribute_code": "ORANGE_X3"}	10	5aa37a94-5dc3-4f12-ba94-26488ee55bc7	10
\.


--
-- Data for Name: permissions; Type: TABLE DATA; Schema: public; Owner: postgres
--

COPY public.permissions (id, code, description, "group", description_vi) FROM stdin;
0707495e-ece2-4905-8046-a6e65353e2aa	admin:manage_roles	Quản lý vai trò và quyền hạn	Admin	Quản lý nhân viên, vai trò và phân quyền
827f35cf-67d5-4bcf-9477-bd7f9d82bbe6	system:view_audit_logs	Xem lịch sử hệ thống (audit logs)	Admin	Xem lịch sử tất cả các thao tác trên toàn hệ thống
61c33853-ab38-439d-892e-1dbbe558d26b	orders:add_review	Can add a review to an order	Orders	Có thể thêm đánh giá cho một đơn hàng
98b8f11c-5350-4bac-baae-473424e8f27f	orders:cancel	Can cancel an order	Orders	Có thể hủy bỏ một đơn hàng
a45d15b1-4cf3-4f47-ba7f-182fd1f72b8a	orders:complete	Can complete an order	Orders	Có thể đánh dấu một đơn hàng là hoàn thành
744c5815-e4f6-4073-93c9-19b91447ae4b	orders:create	Tạo đơn hàng mới	Orders	Tạo đơn hàng mới
e0997ce9-f1f9-415d-ba88-9e315a85fa9c	orders:edit_details	Sửa thông tin chi tiết đơn hàng	Orders	Sửa thông tin chi tiết của một đơn hàng (deadline, ghi chú, thông tin tài khoản...)
bfa14d6a-fe62-4664-b3b5-88eea8e2e049	orders:override	Can override and manage all orders	Orders	Có thể ghi đè và quản lý tất cả đơn hàng (hoàn thành/hủy của người khác)
d2c93eae-dcc1-4024-b9fc-1d22b0ca62e0	orders:view_all	Xem tất cả đơn hàng	Orders	Xem tất cả các đơn hàng trong hệ thống
7e90ae90-566b-4aa4-abe6-5949bb6ddf6a	orders:view_reviews	Can view all order reviews	Orders	Có thể xem tất cả đánh giá của các đơn hàng
eb6a4992-992d-4e3e-a592-14f6cd778a9a	reports:create	Create a service report	Reports	Tạo một báo cáo sai lệch
f5f27112-1896-400e-815a-331f75aab56e	reports:resolve	Xử lý và giải quyết báo cáo	Reports	Xử lý và đóng một báo cáo sai lệch
d5b086c2-5d9c-46a7-9813-26e38e421228	reports:view	Xem các báo cáo sai lệch	Reports	Xem danh sách các báo cáo sai lệch từ farmer
5fb2c10c-c4f5-4991-a9b1-9a59e8cb63ef	work_session:cancel	Hủy một phiên làm việc đang hoạt động	Work Sessions	Hủy một phiên làm việc đang diễn ra
ff4a7ad7-8b29-40f8-a02a-13fe0377f3b8	work_session:finish	Kết thúc một phiên làm việc	Work Sessions	Kết thúc một phiên làm việc và ghi nhận tiến độ
cce2a951-3a7f-4022-8ddd-06646a2122b4	work_session:override	Can finish/cancel work sessions of other users	Work Sessions	Có thể kết thúc/hủy phiên làm việc của người khác
93f487fd-8b17-4dd7-bffd-337dad26799d	work_session:start	Bắt đầu một phiên làm việc	Work Sessions	Bắt đầu một phiên làm việc mới cho một đơn hàng
\.


--
-- Data for Name: product_variant_attributes; Type: TABLE DATA; Schema: public; Owner: postgres
--

COPY public.product_variant_attributes (variant_id, attribute_id) FROM stdin;
d0f34b02-af5b-49f6-9c9a-29eb642c334f	fe8cf9e7-3843-4c5f-a2ef-dfaa514e89b5
06884185-af8a-4a02-ac36-ebab58becb4f	526f5c1b-cd1b-43db-ba18-bf7aa52aa5e6
6c9f15e1-cfd4-419c-84d1-41137946a7d1	526f5c1b-cd1b-43db-ba18-bf7aa52aa5e6
91defb3b-1d3c-4dc2-99f2-afdc30065ac5	526f5c1b-cd1b-43db-ba18-bf7aa52aa5e6
8e0d6cd0-709e-49f5-aff2-b5596b29a7cf	fe8cf9e7-3843-4c5f-a2ef-dfaa514e89b5
5f664629-5e3f-488a-94e2-02a21664fc60	526f5c1b-cd1b-43db-ba18-bf7aa52aa5e6
6721a751-98c6-4300-93a0-5e2da038fcc9	526f5c1b-cd1b-43db-ba18-bf7aa52aa5e6
cacb9062-27c9-4ec9-8d1e-10dee3fc3978	526f5c1b-cd1b-43db-ba18-bf7aa52aa5e6
015759c6-fd45-4827-85b3-0b8a16d112c8	fe8cf9e7-3843-4c5f-a2ef-dfaa514e89b5
4ae6d1da-2dda-4092-ab73-4749424e4914	526f5c1b-cd1b-43db-ba18-bf7aa52aa5e6
7163642d-896c-48e1-8cf6-d95025625d16	526f5c1b-cd1b-43db-ba18-bf7aa52aa5e6
505e11df-7ee3-4d20-9f31-659ffb13d1eb	fe8cf9e7-3843-4c5f-a2ef-dfaa514e89b5
be79c704-2a69-43c1-8268-06fb6ff1569e	fe8cf9e7-3843-4c5f-a2ef-dfaa514e89b5
711a6b84-b6d2-492e-be62-2ae8db0bf795	fe8cf9e7-3843-4c5f-a2ef-dfaa514e89b5
\.


--
-- Data for Name: roles; Type: TABLE DATA; Schema: public; Owner: postgres
--

COPY public.roles (id, code, name) FROM stdin;
940747d3-9420-4b3d-ae97-171524915a44	accountant	Accountant
057fc788-7788-442a-9c32-39cfdbec6547	admin	Administrator
f9cc9457-fcd9-4ca0-9ae8-e87c870bb4fc	farmer	Farmer
e591b8c7-70de-4563-9d72-d1a7218801b2	farmer_leader	Farmer Leader
73aad0ab-482e-4570-bdbc-3afd87d717d4	farmer_manager	Farmer Manager
bf1f1076-aa77-47b5-ba76-8b2eae1c6be7	leader	Leader
ed33248e-551d-447e-b4af-0da7d89702bf	manager	Manager
c52bfc3b-d628-4576-b68a-1a7ca7c1c994	mod	Moderator
22e71e67-058d-41af-99ec-f1e5d75b4447	trader_leader	Trader Leader
6be1c56b-d90d-4b5d-aa82-c107d223b4b6	trader_manager	Trader Manager
3e2b1e17-87bb-4ec6-b0f3-b2fc4481daf2	trader1	Trader1
d03016e7-ce8d-4808-80e9-6ed5aaa521b3	trader2	Trader2
e2b79619-2bbc-4f1a-b7b0-8ef47e19e34f	trial	Trial
\.


--
-- Data for Name: role_permissions; Type: TABLE DATA; Schema: public; Owner: postgres
--

COPY public.role_permissions (role_id, permission_id) FROM stdin;
057fc788-7788-442a-9c32-39cfdbec6547	0707495e-ece2-4905-8046-a6e65353e2aa
057fc788-7788-442a-9c32-39cfdbec6547	d2c93eae-dcc1-4024-b9fc-1d22b0ca62e0
057fc788-7788-442a-9c32-39cfdbec6547	61c33853-ab38-439d-892e-1dbbe558d26b
057fc788-7788-442a-9c32-39cfdbec6547	744c5815-e4f6-4073-93c9-19b91447ae4b
057fc788-7788-442a-9c32-39cfdbec6547	7e90ae90-566b-4aa4-abe6-5949bb6ddf6a
057fc788-7788-442a-9c32-39cfdbec6547	98b8f11c-5350-4bac-baae-473424e8f27f
057fc788-7788-442a-9c32-39cfdbec6547	e0997ce9-f1f9-415d-ba88-9e315a85fa9c
057fc788-7788-442a-9c32-39cfdbec6547	827f35cf-67d5-4bcf-9477-bd7f9d82bbe6
057fc788-7788-442a-9c32-39cfdbec6547	a45d15b1-4cf3-4f47-ba7f-182fd1f72b8a
057fc788-7788-442a-9c32-39cfdbec6547	bfa14d6a-fe62-4664-b3b5-88eea8e2e049
057fc788-7788-442a-9c32-39cfdbec6547	d5b086c2-5d9c-46a7-9813-26e38e421228
057fc788-7788-442a-9c32-39cfdbec6547	cce2a951-3a7f-4022-8ddd-06646a2122b4
057fc788-7788-442a-9c32-39cfdbec6547	ff4a7ad7-8b29-40f8-a02a-13fe0377f3b8
057fc788-7788-442a-9c32-39cfdbec6547	f5f27112-1896-400e-815a-331f75aab56e
057fc788-7788-442a-9c32-39cfdbec6547	eb6a4992-992d-4e3e-a592-14f6cd778a9a
057fc788-7788-442a-9c32-39cfdbec6547	5fb2c10c-c4f5-4991-a9b1-9a59e8cb63ef
057fc788-7788-442a-9c32-39cfdbec6547	93f487fd-8b17-4dd7-bffd-337dad26799d
f9cc9457-fcd9-4ca0-9ae8-e87c870bb4fc	d2c93eae-dcc1-4024-b9fc-1d22b0ca62e0
f9cc9457-fcd9-4ca0-9ae8-e87c870bb4fc	a45d15b1-4cf3-4f47-ba7f-182fd1f72b8a
f9cc9457-fcd9-4ca0-9ae8-e87c870bb4fc	5fb2c10c-c4f5-4991-a9b1-9a59e8cb63ef
f9cc9457-fcd9-4ca0-9ae8-e87c870bb4fc	93f487fd-8b17-4dd7-bffd-337dad26799d
f9cc9457-fcd9-4ca0-9ae8-e87c870bb4fc	ff4a7ad7-8b29-40f8-a02a-13fe0377f3b8
f9cc9457-fcd9-4ca0-9ae8-e87c870bb4fc	cce2a951-3a7f-4022-8ddd-06646a2122b4
f9cc9457-fcd9-4ca0-9ae8-e87c870bb4fc	eb6a4992-992d-4e3e-a592-14f6cd778a9a
f9cc9457-fcd9-4ca0-9ae8-e87c870bb4fc	d5b086c2-5d9c-46a7-9813-26e38e421228
f9cc9457-fcd9-4ca0-9ae8-e87c870bb4fc	7e90ae90-566b-4aa4-abe6-5949bb6ddf6a
e591b8c7-70de-4563-9d72-d1a7218801b2	5fb2c10c-c4f5-4991-a9b1-9a59e8cb63ef
e591b8c7-70de-4563-9d72-d1a7218801b2	93f487fd-8b17-4dd7-bffd-337dad26799d
e591b8c7-70de-4563-9d72-d1a7218801b2	ff4a7ad7-8b29-40f8-a02a-13fe0377f3b8
e591b8c7-70de-4563-9d72-d1a7218801b2	cce2a951-3a7f-4022-8ddd-06646a2122b4
e591b8c7-70de-4563-9d72-d1a7218801b2	a45d15b1-4cf3-4f47-ba7f-182fd1f72b8a
e591b8c7-70de-4563-9d72-d1a7218801b2	98b8f11c-5350-4bac-baae-473424e8f27f
e591b8c7-70de-4563-9d72-d1a7218801b2	d2c93eae-dcc1-4024-b9fc-1d22b0ca62e0
e591b8c7-70de-4563-9d72-d1a7218801b2	d5b086c2-5d9c-46a7-9813-26e38e421228
e591b8c7-70de-4563-9d72-d1a7218801b2	f5f27112-1896-400e-815a-331f75aab56e
e591b8c7-70de-4563-9d72-d1a7218801b2	eb6a4992-992d-4e3e-a592-14f6cd778a9a
e591b8c7-70de-4563-9d72-d1a7218801b2	7e90ae90-566b-4aa4-abe6-5949bb6ddf6a
e591b8c7-70de-4563-9d72-d1a7218801b2	e0997ce9-f1f9-415d-ba88-9e315a85fa9c
73aad0ab-482e-4570-bdbc-3afd87d717d4	5fb2c10c-c4f5-4991-a9b1-9a59e8cb63ef
73aad0ab-482e-4570-bdbc-3afd87d717d4	93f487fd-8b17-4dd7-bffd-337dad26799d
73aad0ab-482e-4570-bdbc-3afd87d717d4	ff4a7ad7-8b29-40f8-a02a-13fe0377f3b8
73aad0ab-482e-4570-bdbc-3afd87d717d4	cce2a951-3a7f-4022-8ddd-06646a2122b4
c52bfc3b-d628-4576-b68a-1a7ca7c1c994	0707495e-ece2-4905-8046-a6e65353e2aa
c52bfc3b-d628-4576-b68a-1a7ca7c1c994	827f35cf-67d5-4bcf-9477-bd7f9d82bbe6
c52bfc3b-d628-4576-b68a-1a7ca7c1c994	61c33853-ab38-439d-892e-1dbbe558d26b
c52bfc3b-d628-4576-b68a-1a7ca7c1c994	744c5815-e4f6-4073-93c9-19b91447ae4b
c52bfc3b-d628-4576-b68a-1a7ca7c1c994	d2c93eae-dcc1-4024-b9fc-1d22b0ca62e0
c52bfc3b-d628-4576-b68a-1a7ca7c1c994	98b8f11c-5350-4bac-baae-473424e8f27f
c52bfc3b-d628-4576-b68a-1a7ca7c1c994	e0997ce9-f1f9-415d-ba88-9e315a85fa9c
c52bfc3b-d628-4576-b68a-1a7ca7c1c994	7e90ae90-566b-4aa4-abe6-5949bb6ddf6a
c52bfc3b-d628-4576-b68a-1a7ca7c1c994	a45d15b1-4cf3-4f47-ba7f-182fd1f72b8a
c52bfc3b-d628-4576-b68a-1a7ca7c1c994	bfa14d6a-fe62-4664-b3b5-88eea8e2e049
c52bfc3b-d628-4576-b68a-1a7ca7c1c994	d5b086c2-5d9c-46a7-9813-26e38e421228
c52bfc3b-d628-4576-b68a-1a7ca7c1c994	cce2a951-3a7f-4022-8ddd-06646a2122b4
c52bfc3b-d628-4576-b68a-1a7ca7c1c994	ff4a7ad7-8b29-40f8-a02a-13fe0377f3b8
c52bfc3b-d628-4576-b68a-1a7ca7c1c994	f5f27112-1896-400e-815a-331f75aab56e
c52bfc3b-d628-4576-b68a-1a7ca7c1c994	eb6a4992-992d-4e3e-a592-14f6cd778a9a
c52bfc3b-d628-4576-b68a-1a7ca7c1c994	5fb2c10c-c4f5-4991-a9b1-9a59e8cb63ef
c52bfc3b-d628-4576-b68a-1a7ca7c1c994	93f487fd-8b17-4dd7-bffd-337dad26799d
\.


--
-- Data for Name: service_reports; Type: TABLE DATA; Schema: public; Owner: postgres
--

COPY public.service_reports (id, order_line_id, order_service_item_id, reported_by, created_at, description, current_proof_urls, disputed_start_value, disputed_proof_url, status, resolved_at, resolved_by, resolver_notes) FROM stdin;
3c409300-4e18-4f17-9f57-cce5199f2251	8dfc9b36-72c5-4a82-9f2d-5569c0d6c5fd	e47d65bd-bbcf-4095-aeb6-017da7e7e9c0	4564fd01-dbe8-48c2-b482-03340d6e0e80	2025-09-22 01:17:55.026034+00	level paragon 1-300	{}	\N	\N	resolved	2025-09-22 01:19:51.462864+00	4564fd01-dbe8-48c2-b482-03340d6e0e80	oke
eeb08e9a-b19e-4dbd-a915-f356307810fb	8dfc9b36-72c5-4a82-9f2d-5569c0d6c5fd	b1e0e3cc-adbf-4949-9992-84b0deccb870	4564fd01-dbe8-48c2-b482-03340d6e0e80	2025-09-22 05:01:17.214443+00	thiếu mats do master working tạch	{https://susuoambmzdmcygovkea.supabase.co/storage/v1/object/public/work-proofs/8dfc9b36-72c5-4a82-9f2d-5569c0d6c5fd/cancellation/1758517276541_0qww2mt5ox8b.png}	\N	\N	resolved	2025-09-22 05:02:16.133098+00	4564fd01-dbe8-48c2-b482-03340d6e0e80	đã tăng lên 100k obducites
0b944fe2-7480-462f-b93a-c3e89963560b	8dfc9b36-72c5-4a82-9f2d-5569c0d6c5fd	b1e0e3cc-adbf-4949-9992-84b0deccb870	4564fd01-dbe8-48c2-b482-03340d6e0e80	2025-09-22 05:02:39.223789+00	sửa sai	{}	\N	\N	resolved	2025-09-22 05:03:11.249576+00	4564fd01-dbe8-48c2-b482-03340d6e0e80	check lai
c6c56bf8-cde0-497e-b93b-e0cae8945212	7b637335-aa61-429b-97be-092c438427ee	0d01aae9-382e-42fc-aa39-754adfd5f28c	4564fd01-dbe8-48c2-b482-03340d6e0e80	2025-09-22 15:18:30.962863+00	farmer 1 Bảo chạy mới đến 29 nhưng báo là 30	{https://susuoambmzdmcygovkea.supabase.co/storage/v1/object/public/work-proofs/7b637335-aa61-429b-97be-092c438427ee/cancellation/1758554310097_idnyb23i8j.png}	\N	\N	resolved	2025-09-22 15:19:42.676616+00	4564fd01-dbe8-48c2-b482-03340d6e0e80	đã giải quyết, bảo chú y hơn lần sau
a0dd769a-cf47-4c88-9dd3-5021463fd00a	2ab4011d-7ff1-46ba-be36-c03a73d9f3f6	95af0801-eabc-4d0a-a90d-c26deed08467	4564fd01-dbe8-48c2-b482-03340d6e0e80	2025-09-22 16:20:26.378981+00	level 29 k phải 30	{https://susuoambmzdmcygovkea.supabase.co/storage/v1/object/public/work-proofs/2ab4011d-7ff1-46ba-be36-c03a73d9f3f6/cancellation/1758558025313_8b4q3xz317d.png}	\N	\N	resolved	2025-09-22 16:21:32.697945+00	4564fd01-dbe8-48c2-b482-03340d6e0e80	đã fix
\.


--
-- Data for Name: user_role_assignments; Type: TABLE DATA; Schema: public; Owner: postgres
--

COPY public.user_role_assignments (id, user_id, role_id, game_attribute_id, business_area_attribute_id) FROM stdin;
a25f32bb-ec39-456c-93c8-98af65c69db0	8710590d-efde-4c63-99de-aba2014fe944	057fc788-7788-442a-9c32-39cfdbec6547	\N	\N
2c3a5891-0f42-49b8-a3ba-ea4c55691759	4564fd01-dbe8-48c2-b482-03340d6e0e80	057fc788-7788-442a-9c32-39cfdbec6547	\N	\N
3dcde50e-67f6-4c68-bc60-2a24b84f9dd3	4564fd01-dbe8-48c2-b482-03340d6e0e80	f9cc9457-fcd9-4ca0-9ae8-e87c870bb4fc	0931ef6f-1848-4a90-8a72-1497bbd318a7	0e6e5602-8512-4f2c-bb4e-d53c718b68ab
\.


--
-- Data for Name: work_sessions; Type: TABLE DATA; Schema: public; Owner: postgres
--

COPY public.work_sessions (id, order_line_id, farmer_id, started_at, ended_at, notes, overrun_reason, start_state, unpaused_duration) FROM stdin;
3106806e-4216-4301-92a6-cc88ee02261e	8dfc9b36-72c5-4a82-9f2d-5569c0d6c5fd	8710590d-efde-4c63-99de-aba2014fe944	2025-09-22 04:26:41.449468+00	2025-09-22 04:31:05.53158+00		\N	[{"item_id": "050dca03-cc40-4c9d-bb43-027304f100a7", "start_exp": 0, "start_value": 1, "start_proof_url": "https://susuoambmzdmcygovkea.supabase.co/storage/v1/object/public/work-proofs/8dfc9b36-72c5-4a82-9f2d-5569c0d6c5fd/b8da33c9-d361-4440-8046-1ee44481319c/050dca03-cc40-4c9d-bb43-027304f100a7/start.png"}]	\N
d4eee6b3-5b97-4098-83f9-85a9fc1acec5	8dfc9b36-72c5-4a82-9f2d-5569c0d6c5fd	8710590d-efde-4c63-99de-aba2014fe944	2025-09-22 04:45:35.773268+00	2025-09-22 04:47:07.290901+00		\N	[{"item_id": "050dca03-cc40-4c9d-bb43-027304f100a7", "start_exp": 0, "start_value": 10, "start_proof_url": "https://susuoambmzdmcygovkea.supabase.co/storage/v1/object/public/work-proofs/8dfc9b36-72c5-4a82-9f2d-5569c0d6c5fd/3106806e-4216-4301-92a6-cc88ee02261e/050dca03-cc40-4c9d-bb43-027304f100a7/end.png"}]	\N
b4ec41c7-c060-4d5d-a16d-31cda9c04fb3	8dfc9b36-72c5-4a82-9f2d-5569c0d6c5fd	4564fd01-dbe8-48c2-b482-03340d6e0e80	2025-09-22 04:48:55.170475+00	2025-09-22 04:49:20.251405+00		\N	[{"item_id": "e47d65bd-bbcf-4095-aeb6-017da7e7e9c0", "start_exp": 0, "start_value": 1, "start_proof_url": "https://susuoambmzdmcygovkea.supabase.co/storage/v1/object/public/work-proofs/8dfc9b36-72c5-4a82-9f2d-5569c0d6c5fd/9c7858dc-50b4-4b17-b3ad-ecdd11f6f0c7/e47d65bd-bbcf-4095-aeb6-017da7e7e9c0/start.png"}]	\N
01d6badc-70db-4a42-8f8d-5e7cf311aa36	8dfc9b36-72c5-4a82-9f2d-5569c0d6c5fd	4564fd01-dbe8-48c2-b482-03340d6e0e80	2025-09-22 04:49:40.074863+00	2025-09-22 04:49:58.073216+00		\N	[{"item_id": "e47d65bd-bbcf-4095-aeb6-017da7e7e9c0", "start_exp": 50, "start_value": 200, "start_proof_url": "https://susuoambmzdmcygovkea.supabase.co/storage/v1/object/public/work-proofs/8dfc9b36-72c5-4a82-9f2d-5569c0d6c5fd/b4ec41c7-c060-4d5d-a16d-31cda9c04fb3/e47d65bd-bbcf-4095-aeb6-017da7e7e9c0/end.png"}]	\N
6fbe7bbe-d241-4b8e-8a5d-ac135dc3fae5	8dfc9b36-72c5-4a82-9f2d-5569c0d6c5fd	4564fd01-dbe8-48c2-b482-03340d6e0e80	2025-09-22 04:52:30.271165+00	2025-09-22 04:56:51.248375+00		\N	[{"item_id": "be5a5e91-6b88-4f59-b61a-fb260b0d48a3", "start_exp": null, "start_value": 0, "start_proof_url": "https://susuoambmzdmcygovkea.supabase.co/storage/v1/object/public/work-proofs/8dfc9b36-72c5-4a82-9f2d-5569c0d6c5fd/4108fd0a-82c9-49bb-8bf2-5eb0fc3b042f/be5a5e91-6b88-4f59-b61a-fb260b0d48a3/start.png"}, {"item_id": "756f4a4d-91e9-4b98-a198-a2974617cadd", "start_exp": null, "start_value": 0, "start_proof_url": "https://susuoambmzdmcygovkea.supabase.co/storage/v1/object/public/work-proofs/8dfc9b36-72c5-4a82-9f2d-5569c0d6c5fd/4108fd0a-82c9-49bb-8bf2-5eb0fc3b042f/756f4a4d-91e9-4b98-a198-a2974617cadd/start.png"}, {"item_id": "4c0b6f8e-c878-445c-ae75-ce4483c0ec98", "start_exp": null, "start_value": 0, "start_proof_url": "https://susuoambmzdmcygovkea.supabase.co/storage/v1/object/public/work-proofs/8dfc9b36-72c5-4a82-9f2d-5569c0d6c5fd/4108fd0a-82c9-49bb-8bf2-5eb0fc3b042f/4c0b6f8e-c878-445c-ae75-ce4483c0ec98/start.png"}]	\N
bfc0fd51-e224-42d5-b9b5-cb4c8e0c1c70	8dfc9b36-72c5-4a82-9f2d-5569c0d6c5fd	4564fd01-dbe8-48c2-b482-03340d6e0e80	2025-09-22 04:58:03.103572+00	2025-09-22 04:58:43.39879+00		\N	[{"item_id": "e01e7210-8053-4f54-830f-dc51c634154c", "start_exp": null, "start_value": 0, "start_proof_url": "https://susuoambmzdmcygovkea.supabase.co/storage/v1/object/public/work-proofs/8dfc9b36-72c5-4a82-9f2d-5569c0d6c5fd/76adf87f-5ec6-4031-a4e6-8545360926cf/e01e7210-8053-4f54-830f-dc51c634154c/start.png"}]	\N
8df4b0c5-8f4b-4e63-9399-41d7acf998fb	8dfc9b36-72c5-4a82-9f2d-5569c0d6c5fd	4564fd01-dbe8-48c2-b482-03340d6e0e80	2025-09-22 04:59:05.474343+00	2025-09-22 04:59:48.892515+00		\N	[{"item_id": "e01e7210-8053-4f54-830f-dc51c634154c", "start_exp": null, "start_value": 15000, "start_proof_url": "https://susuoambmzdmcygovkea.supabase.co/storage/v1/object/public/work-proofs/8dfc9b36-72c5-4a82-9f2d-5569c0d6c5fd/bfc0fd51-e224-42d5-b9b5-cb4c8e0c1c70/e01e7210-8053-4f54-830f-dc51c634154c/end.png"}, {"item_id": "b1e0e3cc-adbf-4949-9992-84b0deccb870", "start_exp": null, "start_value": 0, "start_proof_url": "https://susuoambmzdmcygovkea.supabase.co/storage/v1/object/public/work-proofs/8dfc9b36-72c5-4a82-9f2d-5569c0d6c5fd/950cf104-7cbb-4586-9048-0265e422a677/b1e0e3cc-adbf-4949-9992-84b0deccb870/start.png"}]	\N
7d6a7dd8-1d6c-4078-b35f-5576b77fa594	8dfc9b36-72c5-4a82-9f2d-5569c0d6c5fd	4564fd01-dbe8-48c2-b482-03340d6e0e80	2025-09-22 05:07:22.231546+00	2025-09-22 05:07:54.143963+00		\N	[{"item_id": "50a08ed9-e6a3-484c-8f7b-ea068255bbee", "start_exp": null, "start_value": 0, "start_proof_url": "https://susuoambmzdmcygovkea.supabase.co/storage/v1/object/public/work-proofs/8dfc9b36-72c5-4a82-9f2d-5569c0d6c5fd/fd3d2161-5516-459c-bedb-1851d1dfc389/50a08ed9-e6a3-484c-8f7b-ea068255bbee/start.png"}]	\N
4f90d2c5-35f8-4d4f-af93-578b4f7aafca	8dfc9b36-72c5-4a82-9f2d-5569c0d6c5fd	4564fd01-dbe8-48c2-b482-03340d6e0e80	2025-09-22 05:08:15.852439+00	2025-09-22 05:08:55.79047+00		\N	[{"item_id": "b1e0e3cc-adbf-4949-9992-84b0deccb870", "start_exp": null, "start_value": 2500000, "start_proof_url": "https://susuoambmzdmcygovkea.supabase.co/storage/v1/object/public/work-proofs/8dfc9b36-72c5-4a82-9f2d-5569c0d6c5fd/8df4b0c5-8f4b-4e63-9399-41d7acf998fb/b1e0e3cc-adbf-4949-9992-84b0deccb870/end.png"}]	\N
07a55ba8-bb1f-48f3-b8a8-82d4059d140b	8dfc9b36-72c5-4a82-9f2d-5569c0d6c5fd	4564fd01-dbe8-48c2-b482-03340d6e0e80	2025-09-22 05:09:06.740461+00	2025-09-22 05:09:21.663988+00		\N	[{"item_id": "b1e0e3cc-adbf-4949-9992-84b0deccb870", "start_exp": null, "start_value": 2500000, "start_proof_url": "https://susuoambmzdmcygovkea.supabase.co/storage/v1/object/public/work-proofs/8dfc9b36-72c5-4a82-9f2d-5569c0d6c5fd/8df4b0c5-8f4b-4e63-9399-41d7acf998fb/b1e0e3cc-adbf-4949-9992-84b0deccb870/end.png"}]	\N
8d790d31-9f37-43d9-baae-15a8ea9f4b3f	8dfc9b36-72c5-4a82-9f2d-5569c0d6c5fd	4564fd01-dbe8-48c2-b482-03340d6e0e80	2025-09-22 05:09:36.647306+00	2025-09-22 05:09:43.745853+00		\N	[{"item_id": "da219c16-9450-4eb9-b456-6257866ea0f4", "start_exp": null, "start_value": 0, "start_proof_url": "https://susuoambmzdmcygovkea.supabase.co/storage/v1/object/public/work-proofs/8dfc9b36-72c5-4a82-9f2d-5569c0d6c5fd/d33efa7e-216b-40d1-96ab-2084a642c116/da219c16-9450-4eb9-b456-6257866ea0f4/start.png"}]	\N
1e27bcce-a6f8-4336-ad81-814581d91ece	99845878-ad7d-4520-a213-cfcfbca9b2e6	4564fd01-dbe8-48c2-b482-03340d6e0e80	2025-09-22 14:58:50.447711+00	\N		\N	[{"item_id": "774a71a6-c241-4de3-b2e2-ec9d71dc93f6", "start_exp": 0, "start_value": 1, "start_proof_url": "https://susuoambmzdmcygovkea.supabase.co/storage/v1/object/public/work-proofs/99845878-ad7d-4520-a213-cfcfbca9b2e6/a5adadbb-e037-492c-b9ff-4dd88e54db1a/774a71a6-c241-4de3-b2e2-ec9d71dc93f6/start.png"}]	\N
3bfc4bd5-df11-44b1-b076-0839a85ef9d7	0f442910-726b-4f8a-9419-c3480a842990	4564fd01-dbe8-48c2-b482-03340d6e0e80	2025-09-22 14:59:25.885839+00	\N		\N	[{"item_id": "3afe836b-e565-4953-93d2-661d0878bbb2", "start_exp": 0, "start_value": 1, "start_proof_url": "https://susuoambmzdmcygovkea.supabase.co/storage/v1/object/public/work-proofs/0f442910-726b-4f8a-9419-c3480a842990/5ec3f70c-fb38-4d3d-8182-f2aa3ab2e6ff/3afe836b-e565-4953-93d2-661d0878bbb2/start.png"}]	\N
a1578e42-1295-4110-833a-ebbe7da74534	7b637335-aa61-429b-97be-092c438427ee	4564fd01-dbe8-48c2-b482-03340d6e0e80	2025-09-22 15:16:07.687384+00	2025-09-22 15:16:52.489126+00		\N	[{"item_id": "0d01aae9-382e-42fc-aa39-754adfd5f28c", "start_exp": 10, "start_value": 1, "start_proof_url": "https://susuoambmzdmcygovkea.supabase.co/storage/v1/object/public/work-proofs/7b637335-aa61-429b-97be-092c438427ee/8f4f965b-d8f1-492c-bde2-078fcb0143e8/0d01aae9-382e-42fc-aa39-754adfd5f28c/start.png"}]	\N
dc3826a9-be41-46a8-942c-d56779e18475	7b637335-aa61-429b-97be-092c438427ee	4564fd01-dbe8-48c2-b482-03340d6e0e80	2025-09-22 15:20:09.202306+00	2025-09-22 15:20:26.550914+00		\N	[{"item_id": "0d01aae9-382e-42fc-aa39-754adfd5f28c", "start_exp": 40, "start_value": 30, "start_proof_url": "https://susuoambmzdmcygovkea.supabase.co/storage/v1/object/public/work-proofs/7b637335-aa61-429b-97be-092c438427ee/a1578e42-1295-4110-833a-ebbe7da74534/0d01aae9-382e-42fc-aa39-754adfd5f28c/end.png"}]	00:03:16.71318
677dbd59-b91a-4de9-9504-d00d7d429b53	7b637335-aa61-429b-97be-092c438427ee	4564fd01-dbe8-48c2-b482-03340d6e0e80	2025-09-22 15:20:57.129209+00	2025-09-22 15:21:04.586921+00		\N	[{"item_id": "0d01aae9-382e-42fc-aa39-754adfd5f28c", "start_exp": 0, "start_value": 60, "start_proof_url": "https://susuoambmzdmcygovkea.supabase.co/storage/v1/object/public/work-proofs/7b637335-aa61-429b-97be-092c438427ee/dc3826a9-be41-46a8-942c-d56779e18475/0d01aae9-382e-42fc-aa39-754adfd5f28c/end.png"}]	00:00:30.578295
24c58bad-f4c7-4aa4-abf4-e23854867c34	7b637335-aa61-429b-97be-092c438427ee	4564fd01-dbe8-48c2-b482-03340d6e0e80	2025-09-22 15:21:30.597528+00	2025-09-22 15:22:09.656321+00		\N	[{"item_id": "47bcf011-8161-430f-966e-f6b6f2a7c92a", "start_exp": 0, "start_value": 1, "start_proof_url": "https://susuoambmzdmcygovkea.supabase.co/storage/v1/object/public/work-proofs/7b637335-aa61-429b-97be-092c438427ee/e86c5a8c-ae52-4503-81a4-2d3b6024e303/47bcf011-8161-430f-966e-f6b6f2a7c92a/start.png"}]	00:00:26.010607
01a2becf-2c47-4508-b738-aa03392c73c6	7b637335-aa61-429b-97be-092c438427ee	4564fd01-dbe8-48c2-b482-03340d6e0e80	2025-09-22 15:23:13.693729+00	2025-09-22 15:23:31.922752+00		\N	[{"item_id": "e84b5499-2d23-48b3-9d18-347630e09cc1", "start_exp": null, "start_value": 0, "start_proof_url": "https://susuoambmzdmcygovkea.supabase.co/storage/v1/object/public/work-proofs/7b637335-aa61-429b-97be-092c438427ee/245337b1-6e94-4932-a4f3-a2754d99dcb3/e84b5499-2d23-48b3-9d18-347630e09cc1/start.png"}]	00:01:04.037408
eaa3d558-37dc-49a5-972e-e550975fcb9a	88162217-4bce-4014-aec7-466508a9ec43	4564fd01-dbe8-48c2-b482-03340d6e0e80	2025-09-22 15:40:27.7157+00	2025-09-22 15:40:50.17682+00		\N	[{"item_id": "47c23563-689a-4fbd-b3a4-134204fb4f34", "start_exp": null, "start_value": 0, "start_proof_url": "https://susuoambmzdmcygovkea.supabase.co/storage/v1/object/public/work-proofs/88162217-4bce-4014-aec7-466508a9ec43/7bc93758-4400-4996-905d-7eabd8dbe6f2/47c23563-689a-4fbd-b3a4-134204fb4f34/start.png"}]	\N
f674a516-1e74-4caa-8bb8-bbb36f4fd8d2	fec9cbcc-7d98-4540-be3e-e29b807cf77d	4564fd01-dbe8-48c2-b482-03340d6e0e80	2025-09-22 15:43:46.074041+00	2025-09-22 15:44:25.642568+00		\N	[{"item_id": "8fabd6a2-f160-4012-8712-d7184c305648", "start_exp": null, "start_value": 0, "start_proof_url": "https://susuoambmzdmcygovkea.supabase.co/storage/v1/object/public/work-proofs/fec9cbcc-7d98-4540-be3e-e29b807cf77d/a92dde21-1e78-435c-9669-4f2501ec7881/8fabd6a2-f160-4012-8712-d7184c305648/start.png"}, {"item_id": "6f8542b1-7c2a-47be-922f-d8059d9d8a9c", "start_exp": null, "start_value": 0, "start_proof_url": "https://susuoambmzdmcygovkea.supabase.co/storage/v1/object/public/work-proofs/fec9cbcc-7d98-4540-be3e-e29b807cf77d/a92dde21-1e78-435c-9669-4f2501ec7881/6f8542b1-7c2a-47be-922f-d8059d9d8a9c/start.png"}, {"item_id": "ffcb84f5-c839-4efe-be8c-40f4888ca3b0", "start_exp": null, "start_value": 0, "start_proof_url": "https://susuoambmzdmcygovkea.supabase.co/storage/v1/object/public/work-proofs/fec9cbcc-7d98-4540-be3e-e29b807cf77d/a92dde21-1e78-435c-9669-4f2501ec7881/ffcb84f5-c839-4efe-be8c-40f4888ca3b0/start.png"}]	\N
d15a29ac-bc79-4d55-829d-37119aa66129	fec9cbcc-7d98-4540-be3e-e29b807cf77d	4564fd01-dbe8-48c2-b482-03340d6e0e80	2025-09-22 15:44:43.084383+00	2025-09-22 15:45:01.992219+00		\N	[{"item_id": "8fabd6a2-f160-4012-8712-d7184c305648", "start_exp": null, "start_value": 0, "start_proof_url": "https://susuoambmzdmcygovkea.supabase.co/storage/v1/object/public/work-proofs/fec9cbcc-7d98-4540-be3e-e29b807cf77d/6b62abff-c3b3-4000-a64f-8d390953812c/8fabd6a2-f160-4012-8712-d7184c305648/start.png"}]	\N
86087992-d92f-48b4-aa56-38ca5b84a27c	90e39f2e-280e-41e4-8237-48f57832d653	4564fd01-dbe8-48c2-b482-03340d6e0e80	2025-09-22 15:46:39.001465+00	2025-09-22 15:48:22.603667+00		farm lố	[{"item_id": "6bcee3a9-3d3d-4de5-8c41-f5058dfaa126", "start_exp": null, "start_value": 0, "start_proof_url": "https://susuoambmzdmcygovkea.supabase.co/storage/v1/object/public/work-proofs/90e39f2e-280e-41e4-8237-48f57832d653/aaed1730-ff56-4ccb-a924-66f78ad71267/6bcee3a9-3d3d-4de5-8c41-f5058dfaa126/start.png"}]	\N
7b9b7c9d-681b-4817-883b-683637d8e3f8	90e39f2e-280e-41e4-8237-48f57832d653	4564fd01-dbe8-48c2-b482-03340d6e0e80	2025-09-22 15:48:51.010658+00	2025-09-22 15:48:57.785928+00		farm lố	[{"item_id": "ba293e3e-ce8d-472b-b27e-ea4d96616f3b", "start_exp": null, "start_value": 0, "start_proof_url": "https://susuoambmzdmcygovkea.supabase.co/storage/v1/object/public/work-proofs/90e39f2e-280e-41e4-8237-48f57832d653/8d9d474b-c5f6-4aeb-8fec-6686ea3f4cad/ba293e3e-ce8d-472b-b27e-ea4d96616f3b/start.png"}, {"item_id": "6bcee3a9-3d3d-4de5-8c41-f5058dfaa126", "start_exp": null, "start_value": 16000, "start_proof_url": "https://susuoambmzdmcygovkea.supabase.co/storage/v1/object/public/work-proofs/90e39f2e-280e-41e4-8237-48f57832d653/86087992-d92f-48b4-aa56-38ca5b84a27c/6bcee3a9-3d3d-4de5-8c41-f5058dfaa126/end.png"}]	\N
c6574b07-2078-4517-8044-94890328c4d2	a9a86d4e-8b04-4e46-8190-65dfaf5656e9	4564fd01-dbe8-48c2-b482-03340d6e0e80	2025-09-22 15:55:56.529505+00	2025-09-22 15:56:22.830476+00		\N	[{"item_id": "cc5e09ed-8248-4d85-ad83-f0a963b124eb", "start_exp": null, "start_value": 0, "start_proof_url": "https://susuoambmzdmcygovkea.supabase.co/storage/v1/object/public/work-proofs/a9a86d4e-8b04-4e46-8190-65dfaf5656e9/82eaedc6-0f4b-4448-a616-a402f632116d/cc5e09ed-8248-4d85-ad83-f0a963b124eb/start.png"}, {"item_id": "499ffbcf-53c1-48cc-9d0d-4332be499dc1", "start_exp": null, "start_value": 0, "start_proof_url": "https://susuoambmzdmcygovkea.supabase.co/storage/v1/object/public/work-proofs/a9a86d4e-8b04-4e46-8190-65dfaf5656e9/82eaedc6-0f4b-4448-a616-a402f632116d/499ffbcf-53c1-48cc-9d0d-4332be499dc1/start.png"}]	\N
ad9de662-2681-42d3-abfc-18a01dbfbf1e	fec9cbcc-7d98-4540-be3e-e29b807cf77d	4564fd01-dbe8-48c2-b482-03340d6e0e80	2025-09-22 16:05:44.493673+00	2025-09-22 16:06:00.56211+00		\N	[{"item_id": "6f8542b1-7c2a-47be-922f-d8059d9d8a9c", "start_exp": null, "start_value": 15000, "start_proof_url": "https://susuoambmzdmcygovkea.supabase.co/storage/v1/object/public/work-proofs/fec9cbcc-7d98-4540-be3e-e29b807cf77d/f674a516-1e74-4caa-8bb8-bbb36f4fd8d2/6f8542b1-7c2a-47be-922f-d8059d9d8a9c/end.png"}, {"item_id": "ffcb84f5-c839-4efe-be8c-40f4888ca3b0", "start_exp": null, "start_value": 250000, "start_proof_url": "https://susuoambmzdmcygovkea.supabase.co/storage/v1/object/public/work-proofs/fec9cbcc-7d98-4540-be3e-e29b807cf77d/f674a516-1e74-4caa-8bb8-bbb36f4fd8d2/ffcb84f5-c839-4efe-be8c-40f4888ca3b0/end.png"}]	\N
33ae8e85-062b-4bd7-84e2-39f3f0635aae	2ab4011d-7ff1-46ba-be36-c03a73d9f3f6	4564fd01-dbe8-48c2-b482-03340d6e0e80	2025-09-22 16:19:52.482644+00	2025-09-22 16:20:02.632687+00		\N	[{"item_id": "95af0801-eabc-4d0a-a90d-c26deed08467", "start_exp": 0, "start_value": 1, "start_proof_url": "https://susuoambmzdmcygovkea.supabase.co/storage/v1/object/public/work-proofs/2ab4011d-7ff1-46ba-be36-c03a73d9f3f6/f38ed7dc-4d0a-4a2b-bf4a-e1eecd0371d7/95af0801-eabc-4d0a-a90d-c26deed08467/start.png"}]	\N
be400f88-15bd-4cb6-a691-c20795cf33bd	2ab4011d-7ff1-46ba-be36-c03a73d9f3f6	4564fd01-dbe8-48c2-b482-03340d6e0e80	2025-09-22 16:20:33.675627+00	\N		\N	[{"item_id": "95af0801-eabc-4d0a-a90d-c26deed08467", "start_exp": 0, "start_value": 28, "start_proof_url": "https://susuoambmzdmcygovkea.supabase.co/storage/v1/object/public/work-proofs/2ab4011d-7ff1-46ba-be36-c03a73d9f3f6/33ae8e85-062b-4bd7-84e2-39f3f0635aae/95af0801-eabc-4d0a-a90d-c26deed08467/end.png"}]	\N
\.


--
-- Data for Name: work_session_outputs; Type: TABLE DATA; Schema: public; Owner: postgres
--

COPY public.work_session_outputs (id, work_session_id, order_service_item_id, delta, proof_url, start_value, start_proof_url, end_proof_url, params) FROM stdin;
22d5f52e-8aec-47bd-85c5-0b0d77d1d23f	3106806e-4216-4301-92a6-cc88ee02261e	050dca03-cc40-4c9d-bb43-027304f100a7	9	\N	1	https://susuoambmzdmcygovkea.supabase.co/storage/v1/object/public/work-proofs/8dfc9b36-72c5-4a82-9f2d-5569c0d6c5fd/b8da33c9-d361-4440-8046-1ee44481319c/050dca03-cc40-4c9d-bb43-027304f100a7/start.png	https://susuoambmzdmcygovkea.supabase.co/storage/v1/object/public/work-proofs/8dfc9b36-72c5-4a82-9f2d-5569c0d6c5fd/3106806e-4216-4301-92a6-cc88ee02261e/050dca03-cc40-4c9d-bb43-027304f100a7/end.png	{"exp_percent": 0}
1e0e8277-ff2b-4155-878b-50fc4fdf5788	d4eee6b3-5b97-4098-83f9-85a9fc1acec5	050dca03-cc40-4c9d-bb43-027304f100a7	50	\N	10	https://susuoambmzdmcygovkea.supabase.co/storage/v1/object/public/work-proofs/8dfc9b36-72c5-4a82-9f2d-5569c0d6c5fd/3106806e-4216-4301-92a6-cc88ee02261e/050dca03-cc40-4c9d-bb43-027304f100a7/end.png	https://susuoambmzdmcygovkea.supabase.co/storage/v1/object/public/work-proofs/8dfc9b36-72c5-4a82-9f2d-5569c0d6c5fd/d4eee6b3-5b97-4098-83f9-85a9fc1acec5/050dca03-cc40-4c9d-bb43-027304f100a7/end.png	{"exp_percent": 0}
d792192e-87af-4249-8111-2eb90067a8ae	b4ec41c7-c060-4d5d-a16d-31cda9c04fb3	e47d65bd-bbcf-4095-aeb6-017da7e7e9c0	199	\N	1	https://susuoambmzdmcygovkea.supabase.co/storage/v1/object/public/work-proofs/8dfc9b36-72c5-4a82-9f2d-5569c0d6c5fd/9c7858dc-50b4-4b17-b3ad-ecdd11f6f0c7/e47d65bd-bbcf-4095-aeb6-017da7e7e9c0/start.png	https://susuoambmzdmcygovkea.supabase.co/storage/v1/object/public/work-proofs/8dfc9b36-72c5-4a82-9f2d-5569c0d6c5fd/b4ec41c7-c060-4d5d-a16d-31cda9c04fb3/e47d65bd-bbcf-4095-aeb6-017da7e7e9c0/end.png	{"exp_percent": 50}
19e1ddd5-f930-4fbe-89f0-282479b6e7cf	01d6badc-70db-4a42-8f8d-5e7cf311aa36	e47d65bd-bbcf-4095-aeb6-017da7e7e9c0	100	\N	200	https://susuoambmzdmcygovkea.supabase.co/storage/v1/object/public/work-proofs/8dfc9b36-72c5-4a82-9f2d-5569c0d6c5fd/b4ec41c7-c060-4d5d-a16d-31cda9c04fb3/e47d65bd-bbcf-4095-aeb6-017da7e7e9c0/end.png	https://susuoambmzdmcygovkea.supabase.co/storage/v1/object/public/work-proofs/8dfc9b36-72c5-4a82-9f2d-5569c0d6c5fd/01d6badc-70db-4a42-8f8d-5e7cf311aa36/e47d65bd-bbcf-4095-aeb6-017da7e7e9c0/end.png	{"exp_percent": 0}
172358b3-7bbc-495b-8146-66600ca211ce	6fbe7bbe-d241-4b8e-8a5d-ac135dc3fae5	be5a5e91-6b88-4f59-b61a-fb260b0d48a3	1	\N	0	https://susuoambmzdmcygovkea.supabase.co/storage/v1/object/public/work-proofs/8dfc9b36-72c5-4a82-9f2d-5569c0d6c5fd/4108fd0a-82c9-49bb-8bf2-5eb0fc3b042f/be5a5e91-6b88-4f59-b61a-fb260b0d48a3/start.png	https://susuoambmzdmcygovkea.supabase.co/storage/v1/object/public/work-proofs/8dfc9b36-72c5-4a82-9f2d-5569c0d6c5fd/6fbe7bbe-d241-4b8e-8a5d-ac135dc3fae5/be5a5e91-6b88-4f59-b61a-fb260b0d48a3/end.png	\N
e3804c66-b1ec-4a55-a6ca-7e4f572be942	6fbe7bbe-d241-4b8e-8a5d-ac135dc3fae5	756f4a4d-91e9-4b98-a198-a2974617cadd	1	\N	0	https://susuoambmzdmcygovkea.supabase.co/storage/v1/object/public/work-proofs/8dfc9b36-72c5-4a82-9f2d-5569c0d6c5fd/4108fd0a-82c9-49bb-8bf2-5eb0fc3b042f/756f4a4d-91e9-4b98-a198-a2974617cadd/start.png	https://susuoambmzdmcygovkea.supabase.co/storage/v1/object/public/work-proofs/8dfc9b36-72c5-4a82-9f2d-5569c0d6c5fd/6fbe7bbe-d241-4b8e-8a5d-ac135dc3fae5/756f4a4d-91e9-4b98-a198-a2974617cadd/end.png	\N
3b403a01-1af3-412f-99cd-005faac14b2c	6fbe7bbe-d241-4b8e-8a5d-ac135dc3fae5	4c0b6f8e-c878-445c-ae75-ce4483c0ec98	1	\N	0	https://susuoambmzdmcygovkea.supabase.co/storage/v1/object/public/work-proofs/8dfc9b36-72c5-4a82-9f2d-5569c0d6c5fd/4108fd0a-82c9-49bb-8bf2-5eb0fc3b042f/4c0b6f8e-c878-445c-ae75-ce4483c0ec98/start.png	https://susuoambmzdmcygovkea.supabase.co/storage/v1/object/public/work-proofs/8dfc9b36-72c5-4a82-9f2d-5569c0d6c5fd/6fbe7bbe-d241-4b8e-8a5d-ac135dc3fae5/4c0b6f8e-c878-445c-ae75-ce4483c0ec98/end.png	\N
b39775c2-32b2-4429-832d-f589c82aff0b	6fbe7bbe-d241-4b8e-8a5d-ac135dc3fae5	be5a5e91-6b88-4f59-b61a-fb260b0d48a3	200	\N	0	\N	\N	{"label": "BELIAL_LORD_OF_LIES"}
6b5898ee-142a-4e21-bcdd-849c60ddc8f2	6fbe7bbe-d241-4b8e-8a5d-ac135dc3fae5	756f4a4d-91e9-4b98-a198-a2974617cadd	200	\N	0	\N	\N	{"label": "BELIAL_LORD_OF_LIES"}
31fe31d2-8bc8-4bba-80a5-0a2e355ca41f	6fbe7bbe-d241-4b8e-8a5d-ac135dc3fae5	4c0b6f8e-c878-445c-ae75-ce4483c0ec98	200	\N	0	\N	\N	{"label": "BELIAL_LORD_OF_LIES"}
cd24a04d-b8c0-45f8-b67f-55a465fbe774	bfc0fd51-e224-42d5-b9b5-cb4c8e0c1c70	e01e7210-8053-4f54-830f-dc51c634154c	15000	\N	0	https://susuoambmzdmcygovkea.supabase.co/storage/v1/object/public/work-proofs/8dfc9b36-72c5-4a82-9f2d-5569c0d6c5fd/76adf87f-5ec6-4031-a4e6-8545360926cf/e01e7210-8053-4f54-830f-dc51c634154c/start.png	https://susuoambmzdmcygovkea.supabase.co/storage/v1/object/public/work-proofs/8dfc9b36-72c5-4a82-9f2d-5569c0d6c5fd/bfc0fd51-e224-42d5-b9b5-cb4c8e0c1c70/e01e7210-8053-4f54-830f-dc51c634154c/end.png	\N
90c95e56-213d-4129-9453-3979dd135441	8df4b0c5-8f4b-4e63-9399-41d7acf998fb	b1e0e3cc-adbf-4949-9992-84b0deccb870	2500000	\N	0	https://susuoambmzdmcygovkea.supabase.co/storage/v1/object/public/work-proofs/8dfc9b36-72c5-4a82-9f2d-5569c0d6c5fd/950cf104-7cbb-4586-9048-0265e422a677/b1e0e3cc-adbf-4949-9992-84b0deccb870/start.png	https://susuoambmzdmcygovkea.supabase.co/storage/v1/object/public/work-proofs/8dfc9b36-72c5-4a82-9f2d-5569c0d6c5fd/8df4b0c5-8f4b-4e63-9399-41d7acf998fb/b1e0e3cc-adbf-4949-9992-84b0deccb870/end.png	\N
937054a2-484e-4e1f-9628-449d44385d46	7d6a7dd8-1d6c-4078-b35f-5576b77fa594	50a08ed9-e6a3-484c-8f7b-ea068255bbee	10	\N	0	https://susuoambmzdmcygovkea.supabase.co/storage/v1/object/public/work-proofs/8dfc9b36-72c5-4a82-9f2d-5569c0d6c5fd/fd3d2161-5516-459c-bedb-1851d1dfc389/50a08ed9-e6a3-484c-8f7b-ea068255bbee/start.png	https://susuoambmzdmcygovkea.supabase.co/storage/v1/object/public/work-proofs/8dfc9b36-72c5-4a82-9f2d-5569c0d6c5fd/7d6a7dd8-1d6c-4078-b35f-5576b77fa594/50a08ed9-e6a3-484c-8f7b-ea068255bbee/end.png	\N
8caf120d-7d63-4f98-9de7-b82c0322db81	07a55ba8-bb1f-48f3-b8a8-82d4059d140b	b1e0e3cc-adbf-4949-9992-84b0deccb870	1000000	\N	2500000	https://susuoambmzdmcygovkea.supabase.co/storage/v1/object/public/work-proofs/8dfc9b36-72c5-4a82-9f2d-5569c0d6c5fd/8df4b0c5-8f4b-4e63-9399-41d7acf998fb/b1e0e3cc-adbf-4949-9992-84b0deccb870/end.png	https://susuoambmzdmcygovkea.supabase.co/storage/v1/object/public/work-proofs/8dfc9b36-72c5-4a82-9f2d-5569c0d6c5fd/07a55ba8-bb1f-48f3-b8a8-82d4059d140b/b1e0e3cc-adbf-4949-9992-84b0deccb870/end.png	\N
2c23d9b2-c300-433b-8368-b4e6385dfdb8	8d790d31-9f37-43d9-baae-15a8ea9f4b3f	da219c16-9450-4eb9-b456-6257866ea0f4	1	\N	0	https://susuoambmzdmcygovkea.supabase.co/storage/v1/object/public/work-proofs/8dfc9b36-72c5-4a82-9f2d-5569c0d6c5fd/d33efa7e-216b-40d1-96ab-2084a642c116/da219c16-9450-4eb9-b456-6257866ea0f4/start.png	https://susuoambmzdmcygovkea.supabase.co/storage/v1/object/public/work-proofs/8dfc9b36-72c5-4a82-9f2d-5569c0d6c5fd/8d790d31-9f37-43d9-baae-15a8ea9f4b3f/da219c16-9450-4eb9-b456-6257866ea0f4/end.png	\N
d4f60b74-9c98-4ce8-a258-81bc9a4c1330	a1578e42-1295-4110-833a-ebbe7da74534	0d01aae9-382e-42fc-aa39-754adfd5f28c	29	\N	1	https://susuoambmzdmcygovkea.supabase.co/storage/v1/object/public/work-proofs/7b637335-aa61-429b-97be-092c438427ee/8f4f965b-d8f1-492c-bde2-078fcb0143e8/0d01aae9-382e-42fc-aa39-754adfd5f28c/start.png	https://susuoambmzdmcygovkea.supabase.co/storage/v1/object/public/work-proofs/7b637335-aa61-429b-97be-092c438427ee/a1578e42-1295-4110-833a-ebbe7da74534/0d01aae9-382e-42fc-aa39-754adfd5f28c/end.png	{"exp_percent": 40}
01313b55-9ce7-4714-a200-85e82b2c5b0b	dc3826a9-be41-46a8-942c-d56779e18475	0d01aae9-382e-42fc-aa39-754adfd5f28c	30	\N	30	https://susuoambmzdmcygovkea.supabase.co/storage/v1/object/public/work-proofs/7b637335-aa61-429b-97be-092c438427ee/a1578e42-1295-4110-833a-ebbe7da74534/0d01aae9-382e-42fc-aa39-754adfd5f28c/end.png	https://susuoambmzdmcygovkea.supabase.co/storage/v1/object/public/work-proofs/7b637335-aa61-429b-97be-092c438427ee/dc3826a9-be41-46a8-942c-d56779e18475/0d01aae9-382e-42fc-aa39-754adfd5f28c/end.png	{"exp_percent": 0}
e9b9b271-880a-430f-b978-a0fc0478351f	677dbd59-b91a-4de9-9504-d00d7d429b53	0d01aae9-382e-42fc-aa39-754adfd5f28c	1	\N	60	https://susuoambmzdmcygovkea.supabase.co/storage/v1/object/public/work-proofs/7b637335-aa61-429b-97be-092c438427ee/dc3826a9-be41-46a8-942c-d56779e18475/0d01aae9-382e-42fc-aa39-754adfd5f28c/end.png	https://susuoambmzdmcygovkea.supabase.co/storage/v1/object/public/work-proofs/7b637335-aa61-429b-97be-092c438427ee/677dbd59-b91a-4de9-9504-d00d7d429b53/0d01aae9-382e-42fc-aa39-754adfd5f28c/end.png	{"exp_percent": 0}
82f49881-ccdb-4010-8214-fcf0911c7a19	24c58bad-f4c7-4aa4-abf4-e23854867c34	47bcf011-8161-430f-966e-f6b6f2a7c92a	149	\N	1	https://susuoambmzdmcygovkea.supabase.co/storage/v1/object/public/work-proofs/7b637335-aa61-429b-97be-092c438427ee/e86c5a8c-ae52-4503-81a4-2d3b6024e303/47bcf011-8161-430f-966e-f6b6f2a7c92a/start.png	https://susuoambmzdmcygovkea.supabase.co/storage/v1/object/public/work-proofs/7b637335-aa61-429b-97be-092c438427ee/24c58bad-f4c7-4aa4-abf4-e23854867c34/47bcf011-8161-430f-966e-f6b6f2a7c92a/end.png	{"exp_percent": 0}
ecaf48f6-104e-41c2-8d89-1d0a6a16d31c	01a2becf-2c47-4508-b738-aa03392c73c6	e84b5499-2d23-48b3-9d18-347630e09cc1	200	\N	0	https://susuoambmzdmcygovkea.supabase.co/storage/v1/object/public/work-proofs/7b637335-aa61-429b-97be-092c438427ee/245337b1-6e94-4932-a4f3-a2754d99dcb3/e84b5499-2d23-48b3-9d18-347630e09cc1/start.png	https://susuoambmzdmcygovkea.supabase.co/storage/v1/object/public/work-proofs/7b637335-aa61-429b-97be-092c438427ee/01a2becf-2c47-4508-b738-aa03392c73c6/e84b5499-2d23-48b3-9d18-347630e09cc1/end.png	\N
4ca74a6f-794b-4da0-aa71-bde2de23d56d	eaa3d558-37dc-49a5-972e-e550975fcb9a	47c23563-689a-4fbd-b3a4-134204fb4f34	10	\N	0	https://susuoambmzdmcygovkea.supabase.co/storage/v1/object/public/work-proofs/88162217-4bce-4014-aec7-466508a9ec43/7bc93758-4400-4996-905d-7eabd8dbe6f2/47c23563-689a-4fbd-b3a4-134204fb4f34/start.png	https://susuoambmzdmcygovkea.supabase.co/storage/v1/object/public/work-proofs/88162217-4bce-4014-aec7-466508a9ec43/eaa3d558-37dc-49a5-972e-e550975fcb9a/47c23563-689a-4fbd-b3a4-134204fb4f34/end.png	\N
f9e6966c-e5ca-4441-bca1-0ac0663acc4c	f674a516-1e74-4caa-8bb8-bbb36f4fd8d2	6f8542b1-7c2a-47be-922f-d8059d9d8a9c	15000	\N	0	https://susuoambmzdmcygovkea.supabase.co/storage/v1/object/public/work-proofs/fec9cbcc-7d98-4540-be3e-e29b807cf77d/a92dde21-1e78-435c-9669-4f2501ec7881/6f8542b1-7c2a-47be-922f-d8059d9d8a9c/start.png	https://susuoambmzdmcygovkea.supabase.co/storage/v1/object/public/work-proofs/fec9cbcc-7d98-4540-be3e-e29b807cf77d/f674a516-1e74-4caa-8bb8-bbb36f4fd8d2/6f8542b1-7c2a-47be-922f-d8059d9d8a9c/end.png	\N
b19295a8-eb41-4373-9fdd-debf5e5a7278	f674a516-1e74-4caa-8bb8-bbb36f4fd8d2	ffcb84f5-c839-4efe-be8c-40f4888ca3b0	250000	\N	0	https://susuoambmzdmcygovkea.supabase.co/storage/v1/object/public/work-proofs/fec9cbcc-7d98-4540-be3e-e29b807cf77d/a92dde21-1e78-435c-9669-4f2501ec7881/ffcb84f5-c839-4efe-be8c-40f4888ca3b0/start.png	https://susuoambmzdmcygovkea.supabase.co/storage/v1/object/public/work-proofs/fec9cbcc-7d98-4540-be3e-e29b807cf77d/f674a516-1e74-4caa-8bb8-bbb36f4fd8d2/ffcb84f5-c839-4efe-be8c-40f4888ca3b0/end.png	\N
0fd9d1cb-8d14-4c38-a195-137c58d1334a	d15a29ac-bc79-4d55-829d-37119aa66129	8fabd6a2-f160-4012-8712-d7184c305648	10	\N	0	https://susuoambmzdmcygovkea.supabase.co/storage/v1/object/public/work-proofs/fec9cbcc-7d98-4540-be3e-e29b807cf77d/6b62abff-c3b3-4000-a64f-8d390953812c/8fabd6a2-f160-4012-8712-d7184c305648/start.png	https://susuoambmzdmcygovkea.supabase.co/storage/v1/object/public/work-proofs/fec9cbcc-7d98-4540-be3e-e29b807cf77d/d15a29ac-bc79-4d55-829d-37119aa66129/8fabd6a2-f160-4012-8712-d7184c305648/end.png	\N
8d70d474-7359-456c-adb5-12ae15792f4e	86087992-d92f-48b4-aa56-38ca5b84a27c	6bcee3a9-3d3d-4de5-8c41-f5058dfaa126	16000	\N	0	https://susuoambmzdmcygovkea.supabase.co/storage/v1/object/public/work-proofs/90e39f2e-280e-41e4-8237-48f57832d653/aaed1730-ff56-4ccb-a924-66f78ad71267/6bcee3a9-3d3d-4de5-8c41-f5058dfaa126/start.png	https://susuoambmzdmcygovkea.supabase.co/storage/v1/object/public/work-proofs/90e39f2e-280e-41e4-8237-48f57832d653/86087992-d92f-48b4-aa56-38ca5b84a27c/6bcee3a9-3d3d-4de5-8c41-f5058dfaa126/end.png	\N
e2cba239-4a19-499b-a44c-eda3b6393b3f	7b9b7c9d-681b-4817-883b-683637d8e3f8	ba293e3e-ce8d-472b-b27e-ea4d96616f3b	10	\N	0	https://susuoambmzdmcygovkea.supabase.co/storage/v1/object/public/work-proofs/90e39f2e-280e-41e4-8237-48f57832d653/8d9d474b-c5f6-4aeb-8fec-6686ea3f4cad/ba293e3e-ce8d-472b-b27e-ea4d96616f3b/start.png	https://susuoambmzdmcygovkea.supabase.co/storage/v1/object/public/work-proofs/90e39f2e-280e-41e4-8237-48f57832d653/7b9b7c9d-681b-4817-883b-683637d8e3f8/ba293e3e-ce8d-472b-b27e-ea4d96616f3b/end.png	\N
0c93c0ed-75d1-4ece-92f4-e8a5fd1c0cae	c6574b07-2078-4517-8044-94890328c4d2	cc5e09ed-8248-4d85-ad83-f0a963b124eb	1	\N	0	https://susuoambmzdmcygovkea.supabase.co/storage/v1/object/public/work-proofs/a9a86d4e-8b04-4e46-8190-65dfaf5656e9/82eaedc6-0f4b-4448-a616-a402f632116d/cc5e09ed-8248-4d85-ad83-f0a963b124eb/start.png	https://susuoambmzdmcygovkea.supabase.co/storage/v1/object/public/work-proofs/a9a86d4e-8b04-4e46-8190-65dfaf5656e9/c6574b07-2078-4517-8044-94890328c4d2/cc5e09ed-8248-4d85-ad83-f0a963b124eb/end.png	\N
344ef40b-deb5-4343-88e5-e7082d5ae2ea	c6574b07-2078-4517-8044-94890328c4d2	499ffbcf-53c1-48cc-9d0d-4332be499dc1	1	\N	0	https://susuoambmzdmcygovkea.supabase.co/storage/v1/object/public/work-proofs/a9a86d4e-8b04-4e46-8190-65dfaf5656e9/82eaedc6-0f4b-4448-a616-a402f632116d/499ffbcf-53c1-48cc-9d0d-4332be499dc1/start.png	https://susuoambmzdmcygovkea.supabase.co/storage/v1/object/public/work-proofs/a9a86d4e-8b04-4e46-8190-65dfaf5656e9/c6574b07-2078-4517-8044-94890328c4d2/499ffbcf-53c1-48cc-9d0d-4332be499dc1/end.png	\N
1a7b97af-8d1b-42e6-a3dd-832a737d1588	c6574b07-2078-4517-8044-94890328c4d2	cc5e09ed-8248-4d85-ad83-f0a963b124eb	200	\N	0	\N	\N	{"label": "BELIAL_LORD_OF_LIES"}
569e52d0-41ac-48bb-874e-72d6c01225f4	c6574b07-2078-4517-8044-94890328c4d2	499ffbcf-53c1-48cc-9d0d-4332be499dc1	200	\N	0	\N	\N	{"label": "BELIAL_LORD_OF_LIES"}
0cc5a248-24cd-4a11-981d-90807635dfe4	ad9de662-2681-42d3-abfc-18a01dbfbf1e	6f8542b1-7c2a-47be-922f-d8059d9d8a9c	5000	\N	15000	https://susuoambmzdmcygovkea.supabase.co/storage/v1/object/public/work-proofs/fec9cbcc-7d98-4540-be3e-e29b807cf77d/f674a516-1e74-4caa-8bb8-bbb36f4fd8d2/6f8542b1-7c2a-47be-922f-d8059d9d8a9c/end.png	https://susuoambmzdmcygovkea.supabase.co/storage/v1/object/public/work-proofs/fec9cbcc-7d98-4540-be3e-e29b807cf77d/ad9de662-2681-42d3-abfc-18a01dbfbf1e/6f8542b1-7c2a-47be-922f-d8059d9d8a9c/end.png	\N
488dc57a-5e37-4920-9733-37d1741bc01c	ad9de662-2681-42d3-abfc-18a01dbfbf1e	ffcb84f5-c839-4efe-be8c-40f4888ca3b0	50000	\N	250000	https://susuoambmzdmcygovkea.supabase.co/storage/v1/object/public/work-proofs/fec9cbcc-7d98-4540-be3e-e29b807cf77d/f674a516-1e74-4caa-8bb8-bbb36f4fd8d2/ffcb84f5-c839-4efe-be8c-40f4888ca3b0/end.png	https://susuoambmzdmcygovkea.supabase.co/storage/v1/object/public/work-proofs/fec9cbcc-7d98-4540-be3e-e29b807cf77d/ad9de662-2681-42d3-abfc-18a01dbfbf1e/ffcb84f5-c839-4efe-be8c-40f4888ca3b0/end.png	\N
8e7b223b-3533-4166-bd3d-b225aab9646e	33ae8e85-062b-4bd7-84e2-39f3f0635aae	95af0801-eabc-4d0a-a90d-c26deed08467	29	\N	1	https://susuoambmzdmcygovkea.supabase.co/storage/v1/object/public/work-proofs/2ab4011d-7ff1-46ba-be36-c03a73d9f3f6/f38ed7dc-4d0a-4a2b-bf4a-e1eecd0371d7/95af0801-eabc-4d0a-a90d-c26deed08467/start.png	https://susuoambmzdmcygovkea.supabase.co/storage/v1/object/public/work-proofs/2ab4011d-7ff1-46ba-be36-c03a73d9f3f6/33ae8e85-062b-4bd7-84e2-39f3f0635aae/95af0801-eabc-4d0a-a90d-c26deed08467/end.png	{"exp_percent": 0}
\.


--
-- Name: debug_log_id_seq; Type: SEQUENCE SET; Schema: public; Owner: postgres
--

SELECT pg_catalog.setval('public.debug_log_id_seq', 24, true);


--
-- PostgreSQL database dump complete
--

\unrestrict aC1sMwNZ3wmHBFdGzfiUaOv78Vly8mR7gJnoGaEmQQdJiQLx0G1HhcE192Zi8hY

